ID,BEq(cr),me,bs,MAC1(Mw),MAC1(HP),MAC1(IP),MAC1(ECI),MAC1(Vm),MAC1(Anp),MAC1(Z1),MAC1(Z2),MAC1(Z3),MAC1(ISA),MAC1(At),MAC1(Ap),MAC1(Pa),MAC1(Pb),MAC1(Pt),MAC2(Mw),MAC2(HP),MAC2(IP),MAC2(ECI),MAC2(Vm),MAC2(Anp),MAC2(Z1),MAC2(Z2),MAC2(Z3),MAC2(ISA),MAC2(At),MAC2(Ap),MAC2(Pa),MAC2(Pb),MAC2(Pt),MAC3(Mw),MAC3(HP),MAC3(IP),MAC3(ECI),MAC3(Vm),MAC3(Anp),MAC3(Z1),MAC3(Z2),MAC3(Z3),MAC3(ISA),MAC3(At),MAC3(Ap),MAC3(Pa),MAC3(Pb),MAC3(Pt),MAC4(Mw),MAC4(HP),MAC4(IP),MAC4(ECI),MAC4(Vm),MAC4(Anp),MAC4(Z1),MAC4(Z2),MAC4(Z3),MAC4(ISA),MAC4(At),MAC4(Ap),MAC4(Pa),MAC4(Pb),MAC4(Pt),MAC5(Mw),MAC5(HP),MAC5(IP),MAC5(ECI),MAC5(Vm),MAC5(Anp),MAC5(Z1),MAC5(Z2),MAC5(Z3),MAC5(ISA),MAC5(At),MAC5(Ap),MAC5(Pa),MAC5(Pb),MAC5(Pt),MAC6(Mw),MAC6(HP),MAC6(IP),MAC6(ECI),MAC6(Vm),MAC6(Anp),MAC6(Z1),MAC6(Z2),MAC6(Z3),MAC6(ISA),MAC6(At),MAC6(Ap),MAC6(Pa),MAC6(Pb),MAC6(Pt),MAC7(Mw),MAC7(HP),MAC7(IP),MAC7(ECI),MAC7(Vm),MAC7(Anp),MAC7(Z1),MAC7(Z2),MAC7(Z3),MAC7(ISA),MAC7(At),MAC7(Ap),MAC7(Pa),MAC7(Pb),MAC7(Pt),p_me,p_bs,Set
1,-1,MIC (uM),Escherichia coli,18766.5,3.16,77.31,0.28,29700.05,19965.6,3.76,3.3,0.76,15053.39,38383.59,3440.31,2.07,1.93,1.64,18334,-4.6,73.91,0.12,29317.96,19200.75,0.77,4.63,1.39,14119.35,37692.71,2552.04,1.88,1.86,1.64,16487.8,0.36,67.52,0.11,26345.93,18289.47,2.58,3.06,0.54,13745.09,33248.21,1988.32,1.8,1.75,1.5,15825.9,3.64,64.19,0.08,25992.91,18461.12,2.1,4.42,-0.26,14342.32,32720.77,1814.01,1.7,1.68,1.37,14289.6,-1.53,60.7,0.06,23239.68,16366.08,1.23,1.82,0.49,12726.64,29387.89,1764.67,1.57,1.59,1.23,13945.3,-2.29,57.15,0.06,22479.31,15824.24,-0.49,1.94,-0.35,11935.85,28686.19,1603.11,1.57,1.39,1.14,12469.5,1.2,50.93,0.05,19791.53,13511.82,-2.21,2.66,-0.65,9625.47,25264.62,1374.12,1.48,1.39,0.97,0.1,0.1,Train
2,1,MIC (uM),Escherichia coli,22420.21,-4.44,99.13,0.42,32496.79,16664.04,1.44,-2.59,1.15,9813.25,45751.24,6360.91,1.88,1.82,2.02,22356.72,3.38,101.28,0.44,32885.45,17064.65,3.67,-0.31,2.75,10378.14,46869.73,7072.1,1.85,1.82,2.01,21991.79,2.02,95.67,0.82,31843.15,16420.88,1.32,1.44,1.72,9759.57,45551.56,8055.34,1.82,1.76,1.84,21758.36,4.01,94.18,0.5,31888.14,16298.91,2.79,1.09,2.41,9752.61,45505.74,6956.89,1.78,1.72,1.83,20400.51,-2.97,85.82,0.45,29772.45,15508.86,-0.13,-0.97,1.22,9175.31,41784.05,5979.79,1.69,1.68,1.69,20432.87,2.15,90.06,0.63,29695.71,15236.56,0.88,5.74,2.44,8959.7,42374.64,6800.44,1.63,1.64,1.72,19654.56,2.72,83.3,0.49,28203.45,14177.47,3.12,-1.06,1.74,8169.21,39940.07,6203.67,1.57,1.6,1.62,0.1,0.1,Train
3,-1,HC50 (uM),Human erythrocytes,27623.55,5.11,91.88,0.49,44321.25,28677.85,1.74,1.82,2.43,22188.24,56625.36,4844.84,2.5,2.3,1.36,25731.17,-8.81,83.47,0.38,40089.5,23404.97,-10.54,1.86,0.26,15800.55,51826.24,3615.18,2.33,2.04,1.27,23570.5,2.95,74,0.61,37309.08,23448.32,3.21,1.93,-0.32,18165.13,47290.11,4928.1,2.1,1.89,1.24,20589.3,6.87,63.89,0.41,32332.91,21575.79,7.94,0.4,-0.7,17270.87,39926.67,3539.88,1.99,1.71,1.12,19304.97,-5.88,58.55,0.16,30528.32,18561.08,-4.24,-1.25,0.05,13253.46,38248,2296.57,1.79,1.51,0.91,16114.99,-6,52.7,0.21,25747.2,15792.15,-2.82,-1.62,0.86,11596.68,32831,2540.93,1.59,1.31,0.84,14627.54,3.21,47.38,0.26,24093.05,16639.72,7.54,-2.37,1.26,13886.31,29654.9,2433.19,1.4,1.24,0.73,0.1,0.1,Train
4,1,MIC (uM),Salmonella enterica subsp. enterica serovar Typhimurium,29326.84,-4.77,98.67,0.31,48094.77,30257.87,-4.08,-1.1,3.55,22535.35,64532.28,5516.09,2.37,1.98,1.22,27894.95,-13.07,88.61,0.4,45307.01,28658.73,-11.54,0.49,0.78,21433.24,60677.03,4878.86,2.23,1.82,1.12,26054.21,5.62,86.78,0.36,43157.8,28392.23,5.35,0.02,2.5,22215.82,57428.82,5454.37,2.11,1.84,1.08,24499.47,7.37,87.05,0.38,40838.6,26920.79,7.15,0.66,4.94,21647.85,54971.76,5575.22,2,1.63,1.1,22721.26,-5.31,80.2,0.28,36803.51,22206.69,-6.41,0.26,3.31,15290.95,50604.6,4668.4,1.9,1.41,0.97,20758.63,-6.96,68.07,0.25,33978.43,22260.18,-2.12,-1.56,0.74,17368.51,45277.44,3903.08,1.74,1.36,0.91,19638.95,10.61,65,0.33,32331.82,21541.75,9.14,1.58,2.09,17344.28,43139.05,4670.11,1.65,1.3,0.85,0.1,0.1,Train
5,1,MIC (uM),Escherichia coli,29443.58,-0.25,94.84,0.66,46870.09,28039.24,1.36,-1.21,3.08,20183.11,62995.18,6973.09,2.35,1.84,1.45,28397.37,-12.04,87.59,0.6,44847.7,26328.38,-15.86,1.09,0.83,17893.54,60263.9,5352.28,2.21,1.71,1.21,26556.21,4.47,85.73,0.48,42802.76,26455.19,1.44,-0.01,2.18,19388.25,57137.96,5882.24,2.09,1.71,1.17,24671.79,8.86,84.51,0.45,40197.71,25316.76,9.62,0.96,4.33,19593.67,54095.73,6164.12,1.98,1.56,1.19,22892.11,-6.26,78.84,0.35,36730.33,21530.01,-4.72,0.03,3.39,14768.84,50330.02,5085.04,1.88,1.34,1.1,20788.95,-7.3,66.93,0.32,33075.89,19897.27,-6.5,-1.24,0.7,13848.74,44493.75,4202.42,1.72,1.27,0.98,19787.89,9.46,63.54,0.47,31501.23,19492.4,5.41,1.73,1.84,14534.03,42398.55,5022.12,1.64,1.22,0.92,0.1,0.1,Train
6,1,MIC (uM),Pseudomonas aeruginosa,30116.74,-2.01,99.17,0.51,48314.24,29320.08,-2.28,-0.82,3.66,20797.72,65331.98,6625.27,2.22,1.95,1.42,28632.63,-12.03,89.01,0.49,45522.04,27485.24,-12.83,1.03,0.9,18875.47,61416.26,5452.58,2.12,1.8,1.25,26606.63,5.71,87.19,0.44,43323.06,27544.09,5.49,-0.19,2.66,20574.56,58017.83,6039.43,2,1.81,1.22,24962.63,7.84,87.34,0.42,40978.23,26143.71,6.38,0.95,5.07,19886.65,55459.48,5949.52,1.91,1.62,1.18,23058.11,-6.61,80.43,0.31,36903.1,21670.12,-7.24,-0.03,3.33,14241.59,50951.27,4957.7,1.82,1.4,1.07,21221.79,-6.49,68.36,0.29,34118.06,21483.1,-2.89,-1.27,0.86,15607.31,45765.15,4277.39,1.65,1.35,0.99,20046.53,10.49,65.22,0.42,32450.64,20950.7,8.4,1.53,2.19,16231.99,43557.49,5102.68,1.56,1.29,0.92,0.1,0.1,Train
7,1,MIC (uM),Salmonella enterica subsp. enterica serovar Typhimurium,26624,-0.64,91.96,0.73,41109.57,22304.07,0.46,-0.79,3.04,13371.13,58303.61,8305.32,2.38,1.66,1.61,25120.11,-6.83,84.51,0.74,38742.16,21323.04,-6.38,-0.99,0.83,13074.45,54712.55,7500.92,2.26,1.58,1.42,23721.47,5.79,81.73,0.53,36963.79,20478.25,4.42,-0.05,2.38,12737.02,52121.28,7367.45,2.12,1.57,1.35,22511.16,8.74,83.21,0.52,36107.61,21025.34,7.2,0.88,4.27,14748.22,50661.13,6766.11,1.97,1.44,1.35,21393.79,-5.82,77.37,0.37,33465.64,17946.78,-6.11,-0.05,3.44,10339.62,47600.35,5581.82,1.91,1.26,1.19,19293.79,-7.67,64.32,0.33,29814.58,16291.6,-7.2,-1.4,0.99,9365.02,41912.42,4937.26,1.75,1.19,1.05,18071.89,9.35,62.06,0.51,28260.54,16148.74,3.64,1.15,1.96,10643.7,39785.12,5830.8,1.67,1.14,0.99,0.1,0.1,Train
8,-1,MIC (uM),Shigella dysenteriae,20359.38,-1.41,78.29,0.09,34701.74,25631.36,0.82,0.68,0.6,20999.6,44027.4,2364.75,1.98,1.95,1.46,18208.77,-7.7,73.6,0.03,30893.94,22574.94,-3.49,-1.21,-0.42,17982.5,39554.81,1995.18,1.88,1.82,1.11,15937.85,3.7,68.19,0.08,27038.46,19367.31,0.49,0.94,-0.59,14735.09,34799.76,2154.59,1.71,1.7,1.09,14065.38,11.37,61.1,0.12,23308.62,16217.11,2.35,2.6,1.94,11540.31,30560.41,2426.41,1.54,1.66,1.11,13026.92,-4.58,53.33,0.07,22023.94,15563.37,-3.45,0.48,1.22,12011.69,28545.04,1673.94,1.36,1.24,0.98,11392.46,-4.74,44.63,0.02,19508.62,14142.11,-1.89,0.21,0.32,11430.28,24907.36,1292.25,1.15,1.17,0.77,9998.08,4.56,40.42,0.07,17514.16,13607.4,3.71,1.19,-1.08,11837.31,21672.95,908.34,1.1,1.12,0.75,0.1,0.1,Train
9,-1,MIC (uM),Escherichia coli (ATCC 25922/KCTC 1682),28170.05,0.16,110.07,0.33,50629.38,33474.33,1.01,-0.32,6.4,26551.7,66387.92,5545.07,2.72,2.1,1.16,25319.9,-10.35,102.03,0.23,44359.74,27497.53,-10.99,0.71,5.95,20043.15,59616.45,5167.76,2.35,1.89,1.04,22381.45,3.08,93.09,0.32,39865.61,25840.82,5.47,-1.43,5.18,20478.62,53166.03,4832.38,2.1,1.64,0.97,18481.94,-0.7,71.64,0.1,33400.09,22209.47,3.63,-1.79,2.84,18047.98,43094.55,3009.44,1.72,1.49,0.76,14940.59,-9.35,57.08,0.01,26996.05,17686.83,-9.06,-0.1,2.45,13244.57,35451,1936.13,1.53,1.16,0.6,10837.43,-2.28,44.38,0.21,20456.69,15274.64,0.28,-0.06,0.65,12549.08,25964.93,1260.64,1.56,1.13,0.67,7464.75,5.37,28.28,0.33,14988.33,12571.88,8.43,1.71,-0.81,11680.15,17624.96,530.38,1.5,1.17,0.71,0.1,0.1,Train
10,-1,HC50 (uM),Human erythrocytes,20147.57,0.45,79.17,0.2,33926.69,22969.08,0.81,2,1.57,17417.34,43513.9,3101.54,2.53,1.84,1.31,18697.07,-6.24,75.81,0.08,31211.12,20938,-6.73,-1.03,0.88,14876.99,40299.11,2531.69,2.47,1.78,1.24,18144.57,-2.32,74.25,0.07,30807.21,20629.38,-2.12,1.91,1.52,15111.53,39990.11,2789.07,2.36,1.7,1.18,17805.64,9.5,73.06,0.18,30523.06,20932.17,7.07,3,1.03,16202.99,39668.43,3456.96,2.31,1.66,1.11,16617.29,2.19,68.72,0.11,28628.46,20122.63,1.07,0.86,-0.1,15499.63,37018.06,2560.14,2.3,1.55,1.08,15577.07,-4.66,67.02,0.07,26314.33,17876.51,-5.44,0.41,0.6,12853.99,34446.32,2265.14,2.15,1.44,0.99,15049.07,0.29,65.49,0.18,25217.78,17036.85,-1.29,1.04,1.4,12426.18,33433.43,2910.43,2.07,1.36,1.03,0.1,0.1,Train
11,-1,HC50 (uM),Human erythrocytes,20414.07,0.5,85.03,0.11,35339.13,24395.45,1.02,2.03,1.79,18854.39,45398.06,3104.09,2.56,1.84,1.26,18906.93,-6.46,81.76,0.08,32580.44,22579.83,-6.25,-1.07,1.65,16736.25,42192.68,2533.07,2.5,1.79,1.2,18315.43,-2.48,80.22,0.07,31855.76,21864.26,-1.89,1.86,1.87,16420,41482.92,2790.49,2.39,1.71,1.14,17924.5,9.61,77.91,0.15,31215.53,21603.03,6.91,3.03,2.27,16822.02,40779.17,3459.44,2.33,1.66,1.08,16736.14,2.3,73.57,0.09,29320.93,20793.5,0.91,0.89,1.13,16118.66,38128.8,2562.62,2.32,1.55,1.05,15669,-4.77,69.99,0.07,26889.33,18530.53,-5.28,0.36,1.1,13582.22,35218.87,2265.8,2.16,1.45,0.98,15154,0.19,68.47,0.18,25902.44,17857.77,-1.05,1.02,1.79,13355.8,34380.22,2911.12,2.09,1.37,1.01,0.1,0.1,Train
12,-1,HC50 (uM),Human erythrocytes,22328.3,-2.05,86.7,0.1,38964.1,28741.52,1.76,0.09,2.12,21902.03,50674.05,2916.34,2.8,1.77,1.06,20323.3,-7.36,81.7,0.1,35198.26,26198.91,-3.84,-2.3,1.75,19220.45,46376.29,2523.58,2.66,1.65,1.04,19183,-0.55,79.53,0.08,33743.05,24890.87,1.27,0.12,2.5,18776.08,44660.1,2889.6,2.52,1.56,1,18421.5,10.03,77.18,0.19,32288.62,23282.64,8.66,1.88,2.44,18176.55,42916.95,3645.88,2.33,1.48,0.99,16851.5,-1.05,68.83,0.1,29863.14,22010.3,-1.17,1.04,0.74,17006.4,39253.99,2227.77,2.25,1.38,0.85,15724,-3.72,65.33,0.08,27438.38,19792.59,-4.24,-0.12,0.83,14708.37,36113.54,2119.86,2.06,1.27,0.82,14882.5,-0.05,63.13,0.08,25995.71,18854.98,0.96,-1.05,1.88,14125.64,34603.13,2457.75,1.91,1.19,0.79,0.1,0.1,Train
13,1,MIC (uM),Escherichia coli (ATCC 27325),29514.71,-3.24,115.5,0.77,47475.37,26931.47,-1.63,-0.31,4.83,19789.15,67037.03,8136.71,2.42,1.73,1.23,27635.53,-22.26,105.39,0.06,45172.3,24597.49,-13.76,-4.04,4.12,15678.29,63961.56,4856.74,2.32,1.65,1.03,27011.76,6.24,108.78,1.13,42208.55,23578.79,3.89,2.25,7.19,16996.93,61016.55,10264.61,2.16,1.55,0.94,25385.41,15.63,101.92,1.45,39590.94,23200.3,9.45,3.76,5.63,18105.84,57066.25,10691.35,2.06,1.44,0.92,22164.59,-7.64,86.21,0.43,36133.47,20520.98,-2.17,-1.61,3.4,15480.39,50624.26,5550.32,1.82,1.33,0.82,20070.47,-10.02,78.18,0.13,32793.56,18165.88,-5.74,-1.79,3.39,12569.88,46023.81,4232.57,1.67,1.21,0.76,19134.82,7.81,79.62,0.81,29553.84,16244.82,2.89,2.14,4.09,11475.93,42878.76,7299.62,1.53,1.09,0.78,0.1,0.1,Train
14,-1,MIC (uM),Pseudomonas aeruginosa,29045.33,-2.13,98.15,0.4,48538.1,31090.26,-1.97,-1.68,2.98,25406.92,61726.91,5100.36,1.95,2.29,0.88,25072,-18.47,79.94,0.11,42343.88,28887.92,-4.8,-3.74,3.47,24080.32,52336.57,2584.26,1.75,1.88,0.74,20260.44,4.71,70.2,0.14,34304.57,22892.9,6.08,-0.73,1.78,19166.29,43214.37,2922.89,1.52,1.88,0.67,17459.33,12.33,58.55,0.33,29034.1,19337.41,3.29,2.13,2.06,16287.97,36898.65,3583.94,1.24,1.56,0.56,13658.33,-4.39,48.51,0.44,22046.1,12775.35,-7.02,1.58,1.17,9343.58,28332.24,2128.94,1.09,1.21,0.49,9585.11,-6.26,37.45,0.13,15856.71,9798.8,0.63,-3.99,0.24,7719.88,19534.29,1328.01,1.1,1.26,0.56,4715.78,1.93,26.38,0.28,7869.04,5002.98,0.91,1.04,-0.4,4066.49,10022.86,898.09,1.06,1.3,0.61,0.1,0.1,Train
15,-1,MIC (uM),Klebsiella pneumoniae,33120,-5.75,103.55,0.9,49117.37,23565.6,-11.54,1.54,1.12,15146.29,67421.7,7809.93,1.93,1.86,1.22,27079.11,-4.94,90.42,0.81,41226.99,22842.79,-0.01,1.05,3.3,17296.14,55594.71,7733.07,1.71,1.59,1.07,22933.33,15.13,75.33,0.98,34476.89,19234.72,7.69,2.21,0.48,14872.61,47377.66,8350.72,1.51,1.35,1.04,19385.78,-4.78,68.67,0.47,29153.41,14086.05,-7.55,0.86,2.73,8488.99,40592.33,4026.31,1.32,1.09,0.8,16072.89,-0.66,53.78,0.75,24500.56,13920.59,3.79,0.06,1.79,11174.15,32687,5462.31,1.11,1.05,0.71,12711.44,6.09,47.71,0.83,18609.26,8650.55,-1.16,3.94,1.52,5447.28,25893.91,3923.96,1.11,1.03,0.74,7825.11,-1.53,31.28,0.56,12039.26,6858.62,-3,0.73,-1.36,4889.54,15829.07,1517.49,1.12,0.98,0.78,0.1,0.1,Train
16,-1,MIC (uM),Pseudomonas aeruginosa (ATCC 9027),23027.14,6.13,95.02,0.32,32312.65,19254.91,2.64,-3.07,0.51,11102.8,45290.58,5465.13,1.83,1.89,1.78,19748.37,2.69,80.81,0.26,27663.46,17209.32,4.85,-1.24,1.54,10521.79,38398.58,4210.1,1.64,1.72,1.51,18976.34,-3.48,72.23,0.63,26224.95,15827.46,-0.59,2.66,-7.57,8903.42,37414.11,5132.56,1.51,1.47,1.06,15587.64,-13.73,57.81,0.16,21061.9,11538.09,-2.67,-1.74,-6.09,6155.92,29921.08,2214.24,1.18,1.11,0.95,10274.54,-3,37.26,0.28,13675.48,9882.4,-0.54,3.65,-4.26,5383.57,18816.67,964.58,1.1,1.03,0.85,7032.86,-2.91,25.53,0.32,8680.7,5973.93,-1.27,0.8,3.34,2522.48,11822.35,730.7,1.06,1,0.93,5587.17,0.18,19.23,0.36,7017.18,4919.88,0.85,-0.36,-0.9,2788.03,9536.38,517.34,1.11,1.04,0.95,0.1,0.1,Train
17,-1,MIC (uM),Neisseria gonorrhoeae (F62),35496.12,8.64,111.11,1.46,46383.25,28019.59,-1.09,2.87,-0.18,16848.03,66616.92,10680.61,1.98,2.04,1.28,31832.52,3.45,97.1,1.1,41731.13,23409.65,1.91,2.08,3.48,14352.29,59906.64,8015.01,1.86,1.82,1.17,28786.53,-11.86,85.02,0.53,37994.62,20092.01,-5.27,-1.32,-8.58,11499.5,54119.88,4591.72,1.58,1.63,1,23594.73,-9.01,71.67,0.48,30539.57,16598.62,-2.06,-2.07,-8.23,9227.47,43889.7,3997.34,1.35,1.33,0.89,18598.76,-8.78,52.09,0.17,25003.77,16115.88,0.83,-1.65,-1.57,10396.81,33996.75,1991.8,1.13,1.16,0.7,13210.67,-0.34,34.43,0.47,17158.19,14057.61,-0.33,-0.22,-4.77,8818.81,22929.23,879.66,1.14,1.07,0.74,8526.79,0.38,23.56,0.61,11547.2,10273.05,1.5,0.1,6.6,6448.16,14624.08,429.41,1.15,1.16,0.77,0.1,0.1,Train
18,1,CC50 (uM),Murine fibroblast cells (L929),33166.28,11.91,126.52,0.88,44723.11,22655.84,6.21,-2.5,2.59,12334.91,65539.12,11096.98,2.45,2.09,1.97,33806.52,11.21,120.2,0.86,45535.31,22631.22,5.72,0.9,-1.21,11901.86,66084.25,10007.33,2.38,2,1.72,31788.07,9.73,112.17,0.72,43246.64,22987.51,4.5,1.22,-2.04,13367.12,62164.42,9380.3,2.3,1.9,1.75,30634.75,12.33,108.4,0.96,41145.32,21273.71,8.22,0.19,-1.21,12235.69,59518.65,9936.05,2.14,1.84,1.69,29901.78,14.32,104.9,0.95,40324.59,20238.58,5.13,2.68,1.82,11011.93,58885.83,10309.74,2.01,1.75,1.49,27440.43,12.18,98.86,0.96,36923.53,18939.26,5.64,-0.16,2.8,10261.01,53776.17,9357.96,1.89,1.65,1.45,26315.79,8.81,92.18,0.63,36127.33,18994.04,3.45,3.47,1.2,11347.2,51949.09,8104.97,1.76,1.54,1.5,0.1,0.1,Train
19,1,MIC (uM),Pseudomonas aeruginosa (ATCC 27853),45049.39,-4.43,127.43,1.2,70335.2,37609.44,-5.94,0.59,2.61,25841.62,95409.05,12117.77,3.26,3.09,1.76,42303.93,-28.86,125.1,0.51,65394.58,31292.9,-25.92,-2.53,3.28,17541.24,89930.76,8639.49,3.03,2.77,1.59,39394.8,9.57,104.21,1.73,61345.65,34301.59,10.81,-0.74,0.87,26312.9,82802.68,12998.55,2.87,2.85,1.56,35931.53,18.6,104.43,1.42,57215.9,33741.95,17.41,2.41,5.33,26834.43,76400.28,11589.27,2.68,2.68,1.51,33262.78,-16.43,94.77,0.44,51821.48,25826.85,-14.07,-2.69,3.01,14915.32,70391.14,7071.27,2.45,2.31,1.28,31125.37,-7.42,92.59,1.07,47308.01,23301.47,-9.64,-0.23,3.59,14562.17,66028.49,9858.62,2.33,2,1.23,28185.11,20.89,82.47,1.6,44256.56,26415.8,18.94,1.25,1.46,21926.83,59977.88,11278.35,2.02,2.01,1.16,0.1,0.1,Train
20,1,HC50 (uM),Human erythrocytes,36495.02,-0.05,103.25,0.94,53082.92,31366.24,-3.24,1.11,0.45,18005.66,69782.76,6900.06,3.45,3,2.15,33800.93,-10.33,99.42,0.59,48880.54,27926.02,-10.24,-0.78,1.14,13517.71,65039.79,5965.95,3.33,2.83,1.95,32913.78,2.27,95.55,0.87,48884.09,30634.43,6.05,0.73,0.99,21049.19,63890.91,7113.05,3.21,2.75,2.01,32674.62,4.75,91.52,0.94,48421.12,30270.47,4.57,3.63,0.07,20742.71,63749.09,7074.29,3.1,2.62,1.88,30084.82,-3.1,88.97,0.63,43708.76,24959.05,-6.66,1.61,0.78,12340.57,58132.8,5354.02,2.92,2.47,1.71,28189.64,-3.21,84.08,0.72,40280.64,22971.06,-4.8,-1.32,1.12,12022.9,53814.61,5923.18,2.74,2.38,1.72,27491.5,2.89,80.28,0.85,40460.65,24968.51,6.17,0.8,1.61,16924.62,52954.31,6081.2,2.58,2.33,1.71,0.1,0.1,Train
21,1,MIC (uM),Pseudomonas fluorescens,23190.44,-1.75,116.18,0.14,41679.75,28416.06,-3.07,-0.66,5.94,20941.69,58525.49,5201.74,2.98,1.45,1.26,22826.67,-17.38,107.27,0.06,41657.31,28750.41,-11.1,-2.49,3.49,21748.25,57390.43,3949.05,2.79,1.34,1.17,21529.56,5.49,107.04,0.17,38585.53,26166.12,2.2,0.88,5.99,19595.53,54426.17,5281.1,2.62,1.27,1.14,20234.44,13.58,99.83,0.19,36811.44,25460.5,10.24,1.84,7.04,20024.18,51466.65,5320.79,2.45,1.22,1.06,17766.67,-6.65,87.11,0.08,32080.74,22075.14,-4.8,-1.5,3.77,16436.72,44630.96,3568.07,2.27,1.11,0.95,17687.89,-7.65,82.88,0.08,32108.96,21945.32,-6.34,-0.78,3.64,16557.75,44598.12,3463.68,2.09,1.01,0.88,16491.78,10.79,81.09,0.17,29698.03,20180.47,6.82,1.8,5.49,15562.77,41903.8,4413.25,1.91,0.94,0.85,0.1,0.1,Train
22,-1,MIC (uM),Escherichia coli (ATCC 25922/KCTC 1682),30518.31,0.85,106.35,0.34,49632.98,34014.74,-6.97,-1.62,0.57,25965.51,64279.37,4442.42,2.83,1.89,1.34,30227.69,-8.68,91.56,0.23,48753.71,34965.99,4.06,0.08,-0.9,29408.17,59685.48,3131.76,2.53,1.79,1.18,28576.21,3.18,82.27,0.35,46386.2,32184.18,-2.1,2.74,0.74,26331.77,57817.34,3593.82,2.19,1.62,1.03,23071.19,6.92,78.17,0.37,37512.86,25829.05,4.95,3.63,3.93,20680.57,48004.36,3733.74,2.01,1.38,0.92,19679.31,-3.13,60.36,0.16,32219.85,23624.21,-0.66,-0.52,-0.9,20162.25,40384.82,2073.85,1.67,1.24,0.76,15246.91,-4.46,54.74,0.17,24817.18,16860.07,-6.15,-0.73,-0.89,12797,32156.75,2004.12,1.55,1.02,0.75,14972.86,4.07,47.6,0.28,24320.66,16572.57,3.49,3.16,1.29,13799.75,30398.47,2341.78,1.49,1.09,0.79,0.1,0.1,Train
23,1,MIC (uM),Stenotrophomonas maltophilia,26123.8,-0.34,122.76,0.12,48084.29,34124.75,-3.44,0,5.97,26251.4,65714.04,4998.34,3.46,1.74,1.32,25924.97,-14.54,115.05,0.05,48660.48,35081.45,-8.26,-2.13,4.21,27967.19,65208.24,3913.67,3.29,1.65,1.25,24808.91,6.3,114.85,0.15,46361.21,33186.66,5,0.74,6.69,26567.59,62988.24,5093.33,3.14,1.59,1.23,23729.77,11.85,110.48,0.17,43868.68,31295.66,6.58,1.63,6.8,24862.27,59979.9,5243.22,2.98,1.53,1.16,22951.25,-7.99,101.22,0.07,42988.96,30718.55,-5.67,-0.61,4.32,24433.11,57952,3788.12,2.82,1.41,1.08,21101.07,-5.97,95.68,0.07,39424.67,28265.89,-3.14,-1.41,4.13,22374.87,53235.91,3635.73,2.66,1.34,1.02,20475.52,10.52,94.08,0.14,38148.28,27495.65,8.79,0.92,5.62,22375.32,51776.82,4473.75,2.5,1.29,0.98,0.1,0.1,Train
24,1,MIC (uM),Escherichia coli (ATCC 25922/KCTC 1682),28895.9,2.26,93.75,0.67,44044.47,25095.43,0.31,0.6,2.28,17386.7,60120.27,7257.97,2.18,2,1.58,28243.08,-10.54,92.41,0.46,43504.47,24270.78,-10.62,-1.09,2.2,15911,59324.3,5830.28,2.09,1.91,1.48,27498.72,4.61,87.4,0.83,42467.4,25052.64,3.06,-0.47,0.78,18236.08,57873.51,7707.47,2.03,1.93,1.51,26597.23,10.89,88.78,0.74,40892.15,24070.01,9.27,-1.07,2.25,17503.83,55717.68,7768.1,1.98,1.9,1.53,26603.38,-6.7,88.22,0.52,41203.02,23125.73,-6.28,-0.89,3.82,15380.74,56376.86,6157.69,1.99,1.78,1.34,26176.15,-5.39,84.73,0.57,40202.25,22501.22,-5.19,0,2.59,15061.43,55158.41,6281,1.94,1.74,1.29,25072.97,10.12,81.93,0.84,38635.94,22975.51,8.54,0.14,2.28,17314.81,52933.79,7701.19,1.86,1.76,1.36,0.2,0.2,Train
25,-1,MIC (uM),Pseudomonas aeruginosa (ATCC 27853),22324.01,-1.28,85.32,0.11,37571.15,26659.09,-5.12,4.77,2.69,18289.5,49140.14,2939.22,2.34,2.18,1.44,20565.85,-7.46,80.23,0.09,35250.98,26357.05,-7.1,4.54,1.25,18884.99,45971.61,2212.51,2.26,2.12,1.19,19044.61,7.59,74.29,0.03,33374.12,27295.92,10.1,-2.07,0.65,21052.11,43042.92,2136.22,2.12,1.96,1.39,16978.06,5.59,68.54,0.04,29405.56,21811.48,3.48,-2.45,0.07,16163.7,37701.74,2081.56,1.82,1.82,1.18,16898.66,-7.85,62.79,0.06,29430.89,21589.22,-6.97,2.34,0.59,15915.42,38756.83,1909.93,1.83,1.51,0.86,14835.51,1.25,51.57,0.12,25796.37,19203.32,0.79,2.26,-0.23,14758.25,33172.84,2108.26,1.48,1.44,0.89,12624.23,7.95,41.78,0.12,21781.31,16367.55,5.08,6.53,-1.05,13101.13,27772.44,1799.27,1.39,1.27,0.95,0.2,0.2,Train
26,-1,MIC (uM),Escherichia coli (ATCC 35218),33244.29,5.44,80.85,0.33,55075.01,42079.26,21.37,-1.93,0.15,40015.03,66538.04,3792.24,2.12,2.86,1.05,28696.2,-4.83,71.15,0.11,45645.12,30883.75,0.07,0.47,0.35,25478.16,57578.41,2483.81,1.83,2.27,0.89,22042.87,3.02,53.77,0.11,35707.83,25007.44,1.63,-0.16,-0.13,19773.65,44429.6,1578.8,1.54,1.88,0.76,19510.87,2.38,44.11,0.09,32019.3,23160.83,5.28,-0.67,-0.62,20201.37,39091.67,1262.86,1.23,1.65,0.54,17334.32,2.64,36.17,0.16,28519.28,21554.52,8.71,0.41,-0.57,21047.25,33959.96,960,1.21,1.68,0.6,10887.43,5.97,21.78,0.35,19251.88,17225.48,12.43,0.02,-0.55,18241.51,21232.5,239.57,1.2,1.64,0.66,6223.31,3.44,14.07,0.38,10343.6,9441.55,4.92,0.59,-0.51,10260.95,11496.21,137.63,1.2,1.49,0.73,0.2,0.2,Train
27,1,MIC (uM),Escherichia coli (ATCC 25922/KCTC 1682),26997.36,-1.63,89.58,0.22,42428.06,28144.95,0.36,1.24,-0.64,22740.55,53416.96,3741.7,1.84,2.63,1.25,25466,-14.77,85.76,0.14,40175.26,25275.73,-14.08,-0.1,1.88,18444.72,51141.67,2831.21,1.77,2.43,1.12,24152.09,3.43,83.29,0.38,37900.01,25123.67,4.96,0.08,0.06,20457.74,48110.73,4267.23,1.66,2.32,1.06,22634.64,11.03,80.7,0.34,35796.41,24158.56,11.47,0.18,0.68,20610.59,45180.85,4486.89,1.49,2.26,1.07,21132.18,-7.91,71.71,0.1,33729.58,22240.09,-4.96,-1.46,0.57,17332.49,42285.02,2208.35,1.45,2.12,1.14,19082.27,-4.74,68.13,0.15,29950.42,19241.91,-3.88,-0.84,-0.22,14624.07,37756.8,2334.59,1.3,1.98,1.01,17788.36,6.73,64.52,0.24,28219.09,19125.14,7.07,1.91,0.94,16057.67,35664.82,3424.67,1.24,1.83,1,0.2,0.2,Train
28,-1,MIC (uM),Escherichia coli (ATCC 25922/KCTC 1682),27075.87,4.16,94.48,0.18,44930.43,32405.93,9.57,0.75,2.39,28474.57,55764.48,3902.46,1.82,2.43,1.75,24324.24,-5.56,85.32,0.23,39509.65,27655.61,-1.52,0.3,0.49,23027.22,49296.36,3234.16,1.56,2.14,1.58,23334.18,0.59,78.71,0.11,40149.46,28695.19,4.97,-4.35,1.2,23937.12,49412.46,2806.88,1.59,2.12,1.57,19356.68,2.09,73.33,0.05,32689.88,22116.55,1.05,-5.6,0.13,17856.7,41001.27,2185.22,1.46,1.84,1.38,18560.27,-4.35,66.85,0.07,31084.48,20703.67,-4.37,3.07,-0.25,16241.77,39711.5,1987.03,1.3,1.54,1.35,17010.65,-9.31,54.81,0.07,28307.72,19466.74,-7.68,3.12,-0.48,15592.41,35821.28,1494.8,1.14,1.37,0.88,13842.97,1.88,41.91,0.11,22616.2,16355.34,0.28,3.8,-0.5,13970.13,27420.98,948.61,1.02,1.33,0.94,0.2,0.2,Train
29,-1,MIC (uM),Escherichia coli (ATCC 11775/BCRC 10675/NCTC 9001),17818.63,4.39,72.07,0.04,31107.18,23223.74,0.96,3.26,0.2,17913.86,38233.86,1875.05,1.74,2.05,1.81,17106.25,-5.95,67.73,0.02,28802.27,20819,-8.48,6.13,0.26,15253.2,35949.77,1536.15,1.54,1.87,1.36,16104.88,6.76,63.12,0.01,29170.16,22268.25,4.9,2.22,0.61,18054.4,35177.32,1433.57,1.57,1.88,1.53,15282.38,10.72,55.71,0.05,28418.95,22837.61,15.22,8.97,0.07,20746.79,33613.82,1431.84,1.46,1.73,1.56,12661,0.02,51.37,0.05,21792.4,16339.59,-2.69,3.66,0.17,12545.64,26746.99,1257.41,1.22,1.5,1.16,12113.88,0.63,46.84,0.01,20715.47,15229.66,-3.05,4.01,0.32,10960.46,25562.92,1037.44,1.15,1.37,1.12,11347.75,7.19,42.39,0.01,20312.47,15786.9,7.53,0.69,0.2,13157.98,24377.47,1019.18,1.1,1.27,1.21,0.2,0.2,Train
30,-1,MIC (uM),Escherichia coli (ATCC 25922/KCTC 1682),20272.99,6.17,73.85,0.03,34457.47,26935.78,4.33,1.42,-0.46,21907.19,41306.98,1465.36,2.04,2.48,1.82,17230.98,-2.03,68.55,0.03,27139.49,19754.94,-8.85,2.63,-1.08,13319.82,33910.52,1369.56,1.82,2.09,1.49,16691.99,9.28,62.67,0.03,28709.43,22923.67,8.66,4.75,0.84,19755.35,34371.2,1296.16,1.72,2.02,1.7,15891.34,11.79,56.78,0.06,28624.99,23465.24,14.3,4.02,0.28,21348.99,33588.12,1314.01,1.63,1.98,1.42,13909.53,1.16,50.91,0.02,22945.74,17406.73,-1.38,3.16,-0.76,13241.7,28064.04,1027.63,1.37,1.71,1.08,11898.29,1.94,45.14,0.04,18843.88,13625.21,-3.07,2.65,0.13,8894.8,23514.96,918.44,1.16,1.46,1.08,11325.01,8.53,39.54,0.02,20176.01,16454.38,9.84,2.52,0.5,14648.34,23575.29,735.41,1.06,1.35,1.19,0.2,0.2,Train
31,1,MIC (uM),Pseudomonas fluorescens,29653.23,-0.87,99.69,1.09,42818.81,23878.8,-7.84,2.98,-0.01,14180.32,60008.27,7142.57,2.12,1.86,1.48,28404.85,0.38,91.59,0.86,41083.44,24324.71,1.52,1.49,-0.46,16038.01,56613.65,6975.23,2.06,1.77,1.5,27579.85,3.22,90.43,0.85,39902.76,22394.55,-0.92,2.45,0.12,14526.19,55251.43,6484.39,1.94,1.74,1.45,25600.46,-1.47,83.26,0.69,37640.85,21700.53,-5.04,2.16,0.99,13866.72,51271.53,5520.61,1.83,1.69,1.28,23584.15,4.67,75.17,0.56,35216.32,22497.39,5.12,0.46,0.42,16238.74,47294.76,5625.73,1.8,1.58,1.3,21581,-1.4,73.43,0.38,31892.06,18975.11,-5.5,-0.48,-1.1,11703.55,43928.62,4147.03,1.69,1.44,1.21,20740.69,4.53,75.89,0.33,31414.94,20114.89,4.92,1.35,1.31,14481.04,42301.54,4549.62,1.57,1.42,1.18,0.2,0.2,Train
32,-1,MIC (uM),Escherichia coli,29644,-3.58,100.59,0.43,49081.41,29468.57,-3.02,0.05,5.02,21488.79,67601.44,7139.11,2.49,1.59,1.08,26344.25,-12.68,80.85,0.66,42056.72,24353.78,-13.7,0.75,2.06,16872.88,58074.5,5824.72,2.1,1.38,0.91,21205.75,11.62,64.83,0.45,34574.22,21982.81,10.45,1.18,3.6,16831.93,46532.76,5508.95,1.8,1.21,0.76,17396.5,-0.26,55.74,0.12,28817.56,18047.95,1.47,-0.31,3.07,13424.19,38721.63,3047.91,1.38,1,0.59,14083.25,-9.55,44.1,0.25,23300.99,14647.31,-10.26,0.85,-0.24,11365.11,31235.81,1527.04,1.31,1,0.6,8922.5,-1.08,25.55,0.47,15999.26,12923.83,2.12,0.55,-1.55,12218.93,19559.05,533.65,1.27,1.04,0.65,5498.13,0.93,13.49,0.52,9138.3,8330.25,6.35,0.9,-1.55,9044.66,10166.41,142.68,1.2,1.11,0.7,0.2,0.2,Train
33,1,HC50 (uM),Human erythrocytes,37628.62,-2.12,105.74,0.84,59376.91,37518.52,-6.57,2.12,0.72,28552.68,72375.43,5069.08,2.14,2.24,1.61,32261.43,7.04,93.61,0.68,50836.8,32251.84,-1.32,-7.73,1.79,24346.41,62295.96,5015.81,1.89,2.2,1.46,29227.49,1.68,87.07,0.62,45830.18,28299.76,-11.07,-2.2,1.19,20233.6,57547.34,4512.8,1.74,1.86,1.36,27409.68,3.98,80.51,0.55,42925.61,27670.58,9.36,3.21,3.39,21973.32,52064.9,4314.15,1.55,1.63,1.26,22628.49,-1.44,69.41,0.49,35646.6,22722.01,1.76,2.68,3.02,17451.84,44055.1,3463.68,1.36,1.41,1.12,18778.94,2.86,58.92,0.33,29687.24,18864.96,0.9,-3.77,0.63,14073.94,36686.33,2928.77,1.13,1.29,0.93,15976.77,-1.96,46.42,0.32,25606.56,16869.14,-3.92,-4.74,-0.53,13075.71,31238.96,1963.4,1.14,1.24,0.91,0.2,0.2,Train
34,-1,MIC (uM),Escherichia coli (ATCC 25922/KCTC 1682),20429.64,4.4,81.27,0.03,36438.52,28165.25,4.49,5.8,0.34,22984.69,44199.75,1777.42,2.22,2.5,1.57,17296.44,-4.69,74.99,0.03,28933.29,20390.78,-14.58,1.73,0.81,12864.8,36861,1648.39,1.99,2.16,1.32,17462.06,9.8,68.6,0.07,30851.25,23625.39,7.24,3.08,0.15,18666.04,37996.09,1927.83,1.96,2.08,1.16,16644.75,13.45,62.79,0.01,30752.23,24924.43,16.19,-1.15,-0.15,22225.98,36242.9,1424.13,1.74,1.97,1.09,14684.3,-2.12,56.56,0.01,26060.76,19590.13,-3.71,2.54,0.86,15368.88,32414.15,1266.78,1.53,1.64,0.89,13493.96,-0.24,49.58,0.03,23426.4,17463.35,-5.01,4.47,-0.43,13719.51,29382.91,1125.52,1.3,1.38,0.81,10737.63,8.62,37.02,0.05,19995.88,16653.34,11.26,3.09,0.04,15363.25,23005.46,658.72,1.17,1.42,0.92,0.2,0.2,Train
35,-1,MIC (uM),Pseudomonas aeruginosa,21293.64,1.96,73.13,0.09,35850.19,27590.49,1.67,2.88,-1.05,23024.77,45373.36,2186.05,2.18,1.85,1.32,18239.64,-2.55,67.96,0.03,29812.92,22703.65,-3.25,-1.58,0.5,17616.23,37967.31,1700.18,2.03,1.71,1.09,17758.73,3.49,60.79,0.08,30267.09,23597.51,3.33,-2.66,-0.5,19750.62,38236.61,1897.14,1.88,1.53,0.93,16027.45,8.67,57.92,0.07,27339.52,21007.15,8.25,-1.97,1.5,17536.41,34885.29,2133.07,1.62,1.34,0.88,14207.27,-3.42,44.45,0.02,23688,18035.51,-3.79,-0.04,0.26,14907.74,29870.35,1108.92,1.34,1.19,0.69,10943.36,-2.88,39.48,0.03,19106.24,14447.7,-1.35,2.14,0.28,12210.95,24409.1,1058.26,1.2,1,0.74,7976.91,1.7,30.73,0.07,12978.38,10553.17,4.61,1.93,-0.33,9576.42,16050.38,792.14,1.21,1.05,0.87,0.2,0.2,Train
36,-1,MIC (uM),Klebsiella pneumoniae,20063.45,1.57,74.56,0.07,34765.27,26634.15,2.05,3.01,-0.25,21968.33,44162.65,2268.52,2.29,1.76,1.33,16793.09,-2.19,68.97,0.01,28636.47,21595.59,-3.65,-1.44,0.24,16282.49,36757.88,1757.15,2.11,1.59,1.09,16268.91,3.48,62.22,0.06,28852.73,22282.43,3.15,-2.82,0.57,18111.07,36733.04,1978.36,1.99,1.43,0.94,15588.55,9,58.47,0.07,26965.79,20642.22,8.25,-1.24,1.48,17135.34,34486.28,2151.98,1.68,1.29,0.89,13854.91,-3.49,44.99,0.02,23434.49,17829.64,-3.49,2.23,0.19,14780.66,29603.06,1128,1.37,1.14,0.69,10244.82,-2.19,40.02,0.03,18403.07,13724.02,-1.91,2.58,0.53,11226.76,23717.22,1075.93,1.26,0.94,0.74,7068.18,2.21,31.23,0.07,12177.35,9711.17,3.96,1.38,-0.45,8368.61,15276.25,806.53,1.26,0.98,0.87,0.2,0.2,Train
37,-1,MIC (uM),Shigella dysenteriae,20055.56,1.36,71.21,0.03,35877.99,28471.02,2.21,3.68,0.29,24891.85,43852.95,1432.29,2.12,1.97,1.06,15863.33,-0.19,63.73,0.01,27256.89,20896.58,-4.32,-2.02,0.45,16379.15,34171.93,1412.87,1.9,1.71,0.98,13843.78,7.19,50.8,0.01,24695.14,20087.84,3.86,-2.28,0.48,17012.32,29989.2,981.53,1.74,1.52,0.72,12348.89,8.28,43.45,0,22359.81,18747.71,10.46,-0.91,-0.45,17296.94,26595.1,885.77,1.4,1.26,0.69,10403,-0.78,36.23,0.01,17892.21,14363.48,0.94,3.62,0.54,12930.52,21881.15,751.98,1.24,1.16,0.57,7603.44,1.89,29.71,0.04,13533.91,10276.06,-1.57,2.88,-0.08,8797.33,16782.12,594.12,1.12,1.11,0.69,5074.22,4.59,18.94,0.09,9265.02,7808.02,2.43,-0.94,-0.51,7305.79,10682.64,233.91,1.19,1.19,0.67,0.2,0.2,Train
38,-1,MIC (uM),Pseudomonas aeruginosa,20039.17,-1.43,78.01,0.08,34657.62,25966.18,1.34,2.25,0.6,21285.44,43871.97,2355.93,2.12,1.94,1.26,16283.17,-2.43,68.86,0.03,27085.66,19721.36,-4.96,-0.55,0.04,14157.83,34717.6,1795.5,1.94,1.87,1.07,15522.33,4.44,62.99,0.06,27023.59,20556.61,2.52,-1.95,0.72,16436.28,34049,1880.95,1.85,1.68,0.89,15757.33,11.31,59.52,0.06,27591.03,21081.35,8.79,0.37,1.63,17793.37,34598.75,2046.16,1.59,1.62,0.83,14679.33,-5.96,50.92,0.02,25148.17,18750.8,-3.92,2.79,0.83,15509.05,31864.57,1326.97,1.4,1.31,0.68,11540.67,-0.03,41.68,0.02,20542.84,15501.31,-0.18,1.97,0.4,13232.3,25613.53,1047.57,1.14,1.16,0.66,7991.25,4.55,34.07,0.06,14193.29,11161.62,4.62,1.46,-0.14,9713.07,17243.53,816.46,1.17,1.17,0.79,0.2,0.2,Train
39,-1,MIC (uM),Proteus mirabilis,21531.17,2.97,81.43,0.12,35815.12,26954.96,2.9,1.59,0.62,21320.14,45713.74,2617.33,2.11,2.05,1.42,19500.75,-3.93,75.67,0.07,31689.56,23425.96,-5.52,-0.91,-1.48,16971.96,40843.94,2053.3,2.02,1.93,1.22,18866.58,2.34,71.21,0.08,31261.07,23709.68,2.28,0.17,-0.71,18932,39405.56,1889.99,1.92,1.91,1.21,18722.25,9.45,68.93,0.09,31118.72,24049.87,7.44,0.55,0.24,19273.31,39191.52,2136.5,1.86,1.91,1.26,18217.75,-3.56,64.59,0.07,30117.42,22820.22,-2.42,1.94,-0.53,18130.61,38254.52,1678.88,1.73,1.73,1.12,17248.5,-3.98,62.02,0.07,28831.35,21705.47,-3.74,1.85,0.98,17492.43,36799.92,1659.05,1.63,1.57,1.04,15583,4.71,57.85,0.07,25682.26,19744.17,3.71,0.79,-1.55,15755.92,32325.47,1571.53,1.52,1.57,1.12,0.2,0.2,Train
40,-1,MIC (uM),Proteus mirabilis,20474.36,0.99,70.56,0.14,34474.65,26068.41,0.14,2.44,0.33,21235.27,42619.82,1807.68,2.07,1.97,1.24,16946.18,-1.06,64.74,0.03,28236.2,21072.83,-4.55,-2.05,0.25,15884.24,35189.38,1546.79,1.92,1.84,1.02,16699.45,5.76,58.01,0.08,28731.91,21998.12,6.49,-3.96,-0.13,18226.83,34835.25,1783.41,1.77,1.69,0.88,16757.64,7,51.64,0.12,28350.42,21574.19,4.35,-0.19,-0.81,18180.24,34486.83,1493.76,1.53,1.42,0.83,15260,-2,41.14,0.03,25186.75,19546.61,3.9,4.22,0.5,17290.01,29778.93,974.76,1.28,1.31,0.64,11148.82,0.16,35.83,0.03,19388.11,14519.85,2.73,2.44,-0.12,12431.81,23173.09,889.48,1.11,1.1,0.71,7442.73,3.39,27.01,0.08,12209.13,9519.27,2.52,0.32,-0.41,8090.44,14381.71,608.26,1.12,1.15,0.83,0.2,0.2,Train
41,-1,MIC (uM),Escherichia coli (DH5alpha/CCUG 32825),21539.08,2.4,77.46,0.07,38770.29,29611.48,3.59,3.08,0.7,25097.42,48188.84,2237.36,2.19,2.11,1.14,18546,-7.35,72.41,0.02,32358.15,23334.96,-9.27,-1.45,1.87,17445.55,41160.48,1886.56,1.94,1.92,1.01,17113.69,5.96,63.31,0.06,30411.18,23105.71,4.91,-1.98,0.69,19032.55,37548.35,1917.32,1.81,1.84,0.9,16966.31,14.04,60.41,0.06,30952.4,24145.35,12.25,0.28,1.84,21295.35,37874.25,1959.3,1.63,1.72,0.79,15852.77,-2.14,52.47,0.02,28197.34,21466.79,-2.57,3.51,0.79,18277.32,35175.33,1305.99,1.48,1.47,0.65,13440.31,-2.63,47.4,0.02,24541.86,18567.06,-1.81,2.55,0.8,15807.42,30890.84,1250.04,1.33,1.18,0.63,10650.92,6.79,36.04,0.05,19960.06,16503.3,10.56,0.93,-0.07,15620.92,23497.26,812.28,1.22,1.2,0.72,0.2,0.2,Train
42,-1,MIC (uM),Salmonella enterica subsp. enterica serovar Typhimurium,22704.73,3.37,74.3,0.19,37622.53,27805.86,1.76,2.74,-1.27,22715.7,46848.76,2578.17,2.14,1.8,1.38,19898.91,-3.89,68.79,0.15,31734.8,22953.21,-3.34,-1.72,0.58,17226.03,39441.15,1971.1,2.01,1.64,1.15,19467.64,3.56,61.96,0.17,32577.61,23893.69,3.29,-2.5,-0.8,19270.96,40068.91,2283.35,1.85,1.47,0.98,16530.91,7.46,58.37,0.08,27950.05,21089.34,8.25,-2.71,1.51,17419.07,35371.55,2222.96,1.6,1.31,0.91,14611.45,-3.15,44.89,0.02,24102.15,18081.87,-3.72,-2.33,0.29,14870.56,30196.08,1199.65,1.34,1.16,0.74,11744.64,-5.44,39.93,0.03,20254.95,14610.68,-1.48,1.7,0.21,11923.02,25252.25,1142.25,1.18,0.97,0.76,9019.27,-0.19,31.14,0.1,14286.96,10742.8,4.46,2.48,-0.3,9223.06,16993.74,860.56,1.2,1.01,0.89,0.2,0.2,Train
43,-1,MIC (uM),Escherichia coli,22749,1.8,71.47,0.08,39079.96,29615.38,2.48,2.47,-0.22,23265.22,49787.55,2109.39,2.57,1.87,1.79,19801.43,-5.47,65.64,0.02,31909.78,23198.09,-9.85,1.44,-0.84,15592.8,41768.21,1919.67,2.22,1.69,1.45,19100.56,10.41,60.1,0.31,32429.34,25727.78,9.56,2.97,0.41,21375.31,41232.31,2844.52,2.11,1.56,1.53,18449.01,7.62,54.74,0.08,33126.39,27762.44,15.08,3.32,0.2,24424.2,41714.36,1604.54,2.05,1.45,1.52,15549.64,-1.68,49.08,0.01,26225.37,19817.5,-1.93,0.69,-0.48,14975.06,33325.75,1353.43,1.69,1.28,1.39,12870.84,-0.01,43.07,0.04,20648.65,14906.86,-3.95,0.57,-0.44,10689.4,26324.45,1150.49,1.33,1.12,1.19,12196.98,5.37,37,0.02,21558.18,17373.62,9.74,0.19,0.62,15976.68,26335.02,1264.75,1.36,1.01,0.88,0.2,0.2,Train
44,-1,MIC (uM),Escherichia coli (DH5alpha/CCUG 32825),18755.69,2.58,78.74,0.06,33546.41,25020.81,2.12,2.92,0.96,19870.49,42433.48,2337.86,2.24,1.99,1.2,16642.31,-7.1,73.39,0.02,29238.03,20678.19,-10.62,2.11,1.88,14679.09,38093.02,1952.14,2.03,1.77,1.06,14983.85,6.66,64.3,0.06,26434.72,19852.9,4.82,2.53,0.02,15551.75,33410.67,1984.09,1.9,1.7,0.93,14623.54,12.56,61.36,0.05,26875.28,20494.53,9.56,0.97,1.69,17341.04,33478.04,2017.11,1.74,1.61,0.83,13055.23,-3.79,53.7,0.02,23650.05,17443.01,-3.68,1.11,1.34,13864.14,30074.8,1368.14,1.56,1.35,0.72,11966.15,-3.43,47.88,0.02,21498.22,15692.44,-4.88,1.47,1.02,12376.82,27507.41,1259.96,1.34,1.1,0.66,9183.23,6.58,36.53,0.05,17178.64,13855.27,7.04,1.7,0.28,12303.57,20686.93,831.05,1.25,1.11,0.73,0.2,0.2,Train
45,-1,MIC (uM),Pseudomonas aeruginosa,21906,2.04,73.38,0.08,37693.93,29192.89,4.62,-0.42,-0.13,24970.07,46663.11,2194.4,2.03,2.05,1.21,19790.18,-0.84,67.85,0.02,33850.46,26530.54,3.81,-1.2,0.15,22918.69,41572.03,1696.75,1.88,1.96,1.01,19455.45,3.27,60.73,0.08,33827.92,26426.62,4.67,-1.44,0.63,23269.38,41638.27,1847.75,1.72,1.75,0.85,16775.82,9.89,57.88,0.07,29114.22,22513.08,10.71,-2.16,1.39,19534.28,36443.53,2123.52,1.55,1.48,0.85,14690.91,-3.2,44.4,0.02,24774.58,19045.06,-2.95,2.74,0.17,16106.42,31009.2,1096.5,1.28,1.29,0.63,11159.36,-2.06,39.47,0.04,19233.03,13896.92,-4.83,1.96,0.62,10742.63,24631.54,1012.17,1.13,1.1,0.68,8462.73,1.7,30.28,0.08,14360.77,11048.68,0.04,1.8,-0.68,9581.25,17779.98,714.76,1.13,1.15,0.82,0.2,0.2,Train
46,-1,MIC (uM),Escherichia coli,21318.73,-2.1,82.64,0.08,36815.59,27224.14,1.86,-0.55,0.32,22224.69,47101.32,2746.53,2.09,1.86,1.36,18892,-8.88,76.72,0.03,32469.45,23214.47,-9.04,-1.19,0.49,17503.38,42241.8,2178.4,1.95,1.73,1.09,18505.45,4.61,72.51,0.13,32439.55,23390.72,1.73,-1.38,2.38,18666.43,42362.77,3019.06,1.78,1.54,0.95,16433.82,4.78,62.5,0.07,28572.04,21291.96,6.92,-2.21,2.23,17629.61,36701.45,2374.96,1.57,1.33,0.88,14445.64,-5.39,49.05,0.02,24431.46,18272.14,-2.85,2.7,0.12,15115.57,31191.5,1380.56,1.31,1.2,0.68,10858.82,-1.09,43.87,0.08,18888.36,13333.39,-2.06,1.93,0.25,10431.52,24830.42,1652.06,1.16,1.01,0.77,8020.55,6.45,37.82,0.12,13707.83,9796.11,4.04,1.83,1.37,7962.18,18150.81,1669.83,1.17,1.07,0.89,0.2,0.2,Train
47,-1,MIC (uM),Escherichia coli,20998.6,0.17,90.25,0.09,35600.15,25933.9,3.44,-0.23,1.72,21477.18,45423.21,2966.27,1.9,2.13,1.49,19616.1,-10.16,82.68,0.07,32614.65,23104.05,-9.13,2.52,-0.3,17658.25,42391.27,2355.53,1.83,1.94,1.24,19533.4,5.08,82.5,0.12,33065.78,23506.51,0.28,0.78,1.73,18692.79,42963.18,2975.4,1.76,1.95,1.23,18045.4,8.33,76.8,0.09,30742.68,22390.44,6.15,-1.33,2.61,18092.93,39402.63,2681.07,1.72,1.91,1.4,17473.5,-4.44,70.23,0.05,29322.96,21371.46,-3.7,-0.28,0.15,17394.95,37576.97,1851.96,1.56,1.64,1.18,16730.8,-6.85,66.61,0.07,28178.45,20041.45,-6.16,2.03,-0.64,16143.3,36568.45,1949.06,1.45,1.47,1.07,15125.9,3.73,62.42,0.06,25534.97,18740.96,3.28,1.53,0.48,15704.52,32698.22,2025.7,1.39,1.51,1.05,0.2,0.2,Train
48,-1,MIC (uM),Pseudomonas aeruginosa,20855.09,2.66,74.47,0.08,36737.24,28263.35,4.36,2.29,0.05,23858.8,45703.94,2231.14,2.11,1.95,1.21,18182.91,0.36,68.89,0.02,32346.26,24964.86,2.6,-1.31,0.28,20726.69,40106.03,1728.8,1.98,1.84,1.01,17755.45,3.07,62.11,0.06,32315.7,24993.22,4.39,-2.58,1.33,21406.21,40052.46,1925.71,1.81,1.63,0.85,16163.82,10.66,58.42,0.07,28523.67,21936.53,10.36,-1.09,1.72,18763.31,35878.97,2140.26,1.59,1.4,0.85,14252,-2.87,44.95,0.02,24400.85,18680.13,-2.94,3.47,0.15,15705.34,30610.18,1115.4,1.33,1.24,0.63,10621.55,-2.21,39.98,0.03,18857.61,13630.85,-4.57,2.65,0.48,10616.7,24196.23,1054.75,1.17,1.05,0.68,7671.45,0.99,31.17,0.07,13649.59,10457.28,0.41,1.2,0.14,8925.89,16968.29,778.32,1.18,1.11,0.83,0.2,0.2,Train
49,-1,MIC (uM),Escherichia coli,20291.9,0.17,78.42,0.09,32958.54,24269.86,3.33,-0.76,0.05,19897.04,41447.58,2535.18,1.76,2.16,1.65,18545.9,-7.2,72.72,0.08,28839.5,20240.63,-8.72,2.42,-0.65,14202.26,37353.57,2009.19,1.7,2,1.37,18416,4.47,69.33,0.13,29016.63,20901.43,1.32,-0.34,-0.75,16075.93,36962.25,2406.48,1.6,2,1.36,17463.6,7.78,67.85,0.09,28525.39,21260.76,7.06,0.01,1.26,17369.37,35927.56,2242.2,1.61,1.95,1.5,16821.2,-3.73,62.85,0.05,27326.3,19946.33,-2.87,0.52,0.24,15962.82,34742.4,1660.72,1.46,1.67,1.29,16127.5,-5.87,58.76,0.08,26087.3,18517.64,-6.49,3.11,-0.51,14386.02,33676.37,1671.92,1.36,1.5,1.22,14124.9,4.06,53.52,0.07,22420.16,16349.69,3.02,0.61,-0.39,12891.43,28312.14,1667.47,1.25,1.55,1.16,0.2,0.2,Train
50,-1,MIC (uM),Escherichia coli,21013.7,-0.51,83.11,0.06,36113.39,26604.46,-0.04,-2.28,0.92,21529.24,44920.6,2346.67,1.9,2.34,1.34,20350.1,-5.17,76.87,0.05,34390.81,25051.26,-7.25,6.35,-0.5,19529.36,43410.48,1891.23,1.81,2.19,1.13,19125.4,1.76,73.92,0.06,32957.9,24315.62,1.35,-4.82,1.28,19611.65,40801.42,2102.64,1.73,2.15,1.12,18966,15.55,75.04,0.1,33068.22,24696.56,12.48,5.1,3.41,21237.43,41751.85,2952.12,1.7,2.05,1.27,17701,-3.91,66.91,0.06,30199.79,22279.6,-0.45,-0.68,0.93,18281.02,37962.64,1991.93,1.54,1.75,1.05,16334.6,-5.32,60.93,0.05,27807.69,20109.38,-6.43,4.93,-0.4,15741.82,35419.62,1552.77,1.46,1.63,0.91,14977.4,1.59,55.88,0.02,25890.73,19722.64,4.5,-0.75,1.04,16890.26,31815.88,1467.89,1.37,1.62,0.96,0.2,0.2,Train
51,-1,MIC (uM),Escherichia coli,19906.9,1.14,80.01,0.05,34437.58,25992.2,1.79,0.36,1.47,22019.33,42315.24,2065.72,1.86,2.34,1.33,18448.7,-1.86,73.98,0.03,31294.78,23252.97,-4.2,3.74,-0.31,18609.46,38935.1,1644.78,1.78,2.18,1.12,18721.8,4.25,70.83,0.06,32500.79,24750.29,2.71,2.07,0.37,21475.23,39760.67,1746.38,1.7,2.16,1.1,17122.8,11.66,68.94,0.05,29878.95,22876.33,8.96,0.87,1.62,19631.3,36661.51,1940.69,1.67,2.05,1.3,16116.8,-1.88,64.12,0.03,27931.75,20933.31,-1.71,-0.61,0.58,17415.1,34651.72,1469.05,1.51,1.77,1.04,16302.7,-4.67,59.59,0.04,28013.54,20794.09,-4.67,4.22,-0.59,17481.84,35261.4,1372.28,1.44,1.59,0.92,14139.7,4.62,54.42,0.03,24496.37,18731.61,3.59,-0.04,0.04,16029.67,29941.8,1257.48,1.36,1.63,0.97,0.2,0.2,Train
52,-1,MIC (uM),Pseudomonas aeruginosa,26259.27,1.7,74.04,0.19,43362.63,31763.13,3.47,-3.51,-1.36,26399.66,52392.53,2702.21,2.04,1.88,1.36,25335.27,-7.13,68.54,0.18,40760.02,29618.63,4.64,-1.45,0.5,24492.71,47914.26,2079.3,1.88,1.74,1.14,25217.64,4.1,61.63,0.29,41650.92,29995.97,5.11,0.15,-1.17,25447.54,49234.5,2546.49,1.72,1.56,0.97,20420,7.9,58.24,0.28,33715.46,24787.35,12.41,0.86,1.62,21206.19,40425.01,2324.06,1.55,1.36,0.9,16096,-4.04,44.76,0.03,26344.53,19635.47,-3.78,-4.02,0.3,16200.15,32502.29,1263.46,1.27,1.2,0.74,13563.73,-5.05,39.8,0.14,22507.46,15743.38,-3.2,0.11,0.29,12340.5,27768.23,1286,1.14,1.01,0.75,11695.64,1.73,30.93,0.2,18554.08,13260.52,1.97,3.86,-0.73,11395.65,21685.11,1075.12,1.13,1.04,0.88,0.2,0.2,Train
53,-1,MIC (uM),Pseudomonas aeruginosa (ATCC 9027),22350.24,10.42,80.07,0.31,35850.39,26460.78,6.82,1.28,-1.39,19232.24,46583.73,3811.37,1.98,2.11,1.21,21170.35,0.77,71.02,0.12,33508.61,24974.34,0.09,3.53,-2.74,17153.99,43853.91,2363.44,1.87,2.02,1.26,18610.35,-2.18,64.19,0.05,30615.91,22455.09,-0.28,-0.54,2,15790.04,39128.33,1763.24,1.71,1.88,1.12,18934,-2.16,59.44,0.07,30614.22,24156.76,-0.2,4.4,-1.02,17036.19,39691.31,1525.83,1.73,1.75,1.04,16778.82,-5.66,55.68,0.06,26241.73,19091.69,-7.54,1.97,-2.72,12108.13,34132.02,1497.06,1.53,1.58,0.89,15745.53,-4.18,51.97,0.03,25131.58,18485.91,-5.72,2.67,2.74,12764.7,32334.2,1442.57,1.39,1.44,0.89,13284.47,4.4,47.15,0.05,22384.66,17539.05,3.57,-1.21,0.43,13095.23,28339.85,1517,1.27,1.36,0.82,0.2,0.2,Train
54,-1,MIC (uM),Shigella dysenteriae,23024.62,-3.36,85.18,0.03,42918.19,33083.68,-0.17,-0.43,1.95,28719.2,53822.68,2140.28,2.59,1.99,0.86,20887.85,-2.13,79.72,0.02,38625.64,29355.34,-2.17,-0.91,1.41,24898.68,49017.44,2100.69,2.41,1.83,0.85,18410.46,2.05,67.27,0.02,34405.35,26977.47,1.88,-0.16,1.32,23379.88,42833.99,1572.85,2.17,1.69,0.7,17765.69,15.57,66.38,0.09,32825.25,25734.4,12.99,2.2,3.04,23150.78,41367.9,2613.41,1.93,1.63,0.67,16804.62,-2.62,56.24,0.03,31133.79,24250.15,1.83,0.25,1.88,21924.56,38421.1,1379.95,1.67,1.42,0.55,13937.69,-2,51.19,0.02,25824.61,19570,-2.06,-0.37,0.78,16759.3,32709.83,1352.9,1.53,1.18,0.53,11383.08,3.29,39.81,0.05,21458.13,17315.64,5.31,-0.53,0.21,15829.41,25993.49,898.13,1.39,1.17,0.48,0.2,0.2,Train
55,-1,MIC (uM),Escherichia coli,22800.2,-0.08,89.67,0.09,39354.06,29175.49,3.38,-2.56,2.14,24977.95,49788.69,2927.43,2.03,2.23,1.33,21563.9,-6.97,81.9,0.08,36457.62,26718.22,-5.21,1.46,-0.64,21987.66,46539.04,2303.46,1.93,2.04,1.13,20720.4,2.85,78.22,0.1,35361.86,26245.41,2,-0.04,1.24,22458.47,44615.73,2458.43,1.78,2.05,1.14,19288.6,6.14,76.53,0.09,33037.4,24448.43,5.85,-0.43,3.19,20428.52,42101.27,2650.32,1.78,1.93,1.29,18651.6,-2.21,71.35,0.07,31597.47,23117.54,-2.97,0.39,1.03,19188.88,40663.97,2171.76,1.62,1.67,1.08,17597,-7.58,66.25,0.06,29726.53,21406.83,-7.87,2.04,-1.11,17404.38,38439.34,1730.19,1.53,1.51,0.96,15790,0.96,60.61,0.07,26462.53,19505.27,1.39,-0.75,-0.2,16189.8,33551.65,1827.04,1.42,1.54,0.93,0.2,0.2,Train
56,-1,MIC (uM),Escherichia coli (ATCC 25922/KCTC 1682),20627.83,3.38,84.74,0.03,35047.6,25807.03,5.27,2.09,0.38,21576.11,42774.44,2220.82,1.82,2.4,1.82,19072.46,-9.51,78.47,0.05,30275.34,19724.98,-9.1,6.16,0.57,14364.63,38555.07,2057.53,1.59,2.09,1.53,17285.47,8.37,71.52,0.18,29010.37,20644.79,4.94,2.27,0.1,15954.02,36134.43,2747.69,1.64,2.09,1.53,16682.02,13.65,66.2,0.06,29311.35,22107.56,11.79,2.13,-1.06,19510.82,35042.01,1708.79,1.44,1.97,1.36,14895.03,-4.5,59.56,0.04,24652.95,15686.48,-4.41,3.45,0.84,11565.03,31334.36,1682.01,1.26,1.62,1.21,14240.04,-4.33,52.9,0.05,22967.8,14448.81,-5.14,4.04,0.06,10966.85,29452.29,1574.18,1.09,1.4,0.9,10291.8,7.53,38.05,0.17,18743.19,15115.65,7.03,2.65,0.13,13223.58,21682.26,590.88,1.04,1.39,1.06,0.2,0.2,Train
57,-1,HC50 (uM),Rabbit erythrocytes,20812.08,4.75,82.7,0.04,36479.2,30683.07,4.43,3.8,-0.05,24433,46691.75,1657.12,2.34,2.13,1.76,17914.34,-5.3,76.84,0.02,30608.08,24066.54,-7.52,5.99,0.7,19342.07,38621.91,1421.66,1.98,1.9,1.46,15765.97,7.72,66.19,0.01,28043.86,23368.05,6.9,1.38,-0.18,18843.5,34226.56,1166.04,1.85,1.9,1.33,15609.76,10.37,59.97,0.01,29278.41,24413.3,13.17,5.74,0.41,21804.33,34846.69,1057.67,1.71,1.76,1.26,13032.45,1.65,53.7,0.01,22734.87,18175.08,-2.35,1.62,0.46,13931.65,28279.92,933.98,1.57,1.5,1.21,12047.27,-0.67,47.42,0.01,21070.25,17567.05,-0.91,2.06,0.15,13922.55,26799.16,870.83,1.4,1.22,0.85,10960.98,6.95,41.65,0.01,19907.28,17069.71,7.48,-2.29,0.32,13965.91,24504.5,784.63,1.23,1.2,0.91,0.2,0.2,Train
58,-1,HC50 (uM),Human erythrocytes,24529.57,3.08,81.82,0.17,43969.61,33078.7,9.83,-0.57,-0.11,29647.33,53017.15,2567.76,2.2,2.26,1.59,22359.44,-10.82,75.54,0.04,38483.64,26759.83,-8.39,1.96,1.12,21944.95,47564.66,2123.43,1.89,2.01,1.39,20273.77,5.05,64.91,0.05,36827.18,27460.24,7.54,-0.61,0.51,23832.47,43988,1820.85,1.82,1.99,1.41,19245.22,16.12,58.24,0.16,35046.67,26414.6,16.99,3.5,0.64,23795.26,41943.84,2455.69,1.75,1.81,1.32,16802.19,-0.38,52.33,0.08,28569.3,19530.39,0.43,0.39,0.28,15969.11,35167.19,1915.09,1.46,1.5,0.99,14922.89,-6.4,46.36,0.04,25207.41,16746.27,-5.75,1.63,0.46,13306.16,31403.76,1425.21,1.27,1.25,0.85,12819.81,3.63,41.74,0.12,24646.93,19814.92,6.83,-0.48,1.26,17971.49,29051.05,794.47,1.28,1.25,1.02,0.2,0.2,Train
59,-1,MIC (uM),Escherichia coli (ATCC 25922/KCTC 1682),21990.75,4.65,82.58,0.01,40239.67,32089.06,9.97,2.91,-0.14,28547.23,48249.75,1766.1,2.07,2.18,1.79,19564.97,-6.29,76.27,0.02,33774.74,25292.1,-8.52,5.06,0.63,20049.52,41990.98,1643.64,1.79,1.92,1.54,18940.97,6.74,69.4,0.06,34792.62,26903.98,6.77,0.87,0.6,22325.96,42281.12,1894.74,1.86,1.87,1.55,17206.23,13.99,63.94,0.02,32621.37,26726.95,15.82,2.12,-0.8,24592.64,38671.3,1320.52,1.71,1.64,1.43,15131.53,-1.9,57.42,0.01,27940.79,21467.96,0.44,3.75,1,18164.92,34383.9,1258.57,1.46,1.41,1.26,13884.07,-4.23,50.85,0.02,24655.37,18574.34,-5.43,3.1,-0.13,15161.9,30873.28,1127.97,1.28,1.24,0.88,11064.69,6.65,37.94,0.06,20443.23,16787.72,6.37,2.66,0.11,14752.02,23851.46,580.84,1.16,1.24,1.01,0.2,0.2,Train
60,-1,MIC (uM),Escherichia coli (ATCC 25922/KCTC 1682),20920.4,2.79,84.65,0.03,35763.03,26739.5,7.93,2.05,0.02,23273.35,43662.74,2245.52,1.93,2.26,1.84,18465.36,-5.45,78.38,0.04,29468.78,19947.02,-6.34,5.35,0.46,14487.76,37606.38,2156.63,1.68,1.98,1.59,17951.08,4.01,71.41,0.17,29780.21,20634.39,1.05,2.77,0.21,15650.24,37813.9,2735.3,1.76,1.9,1.54,15504.39,12.01,66.15,0.06,26365.28,19446.21,6.63,1.81,-0.93,16235.67,32372.68,1732.8,1.57,1.77,1.4,15085.21,-2.8,59.52,0.04,25709.78,17051.37,0.24,3.34,1.14,13724.48,32329.94,1715.56,1.31,1.55,1.25,14459.47,-4.42,52.86,0.05,23360.89,14651.42,-4.84,3.89,0.01,10979.88,30099.34,1576.61,1.13,1.33,0.93,9882.19,5.28,38.01,0.17,17293.28,13755.63,1.89,2.01,-0.13,11275.16,20499.79,598.68,1.09,1.27,1.03,0.2,0.2,Train
61,-1,MIC (uM),Escherichia coli (ATCC 25922/KCTC 1682),20803.37,3.21,84.73,0.04,35733.11,26866.52,8.92,2.5,0.02,23669.79,43258.62,2232.58,1.82,2.39,1.8,18757.94,-6.62,78.5,0.06,30184.21,20681.74,-3.85,5.72,0.11,15979.09,37937.95,2090.56,1.59,2.09,1.54,18258.29,6.35,71.49,0.17,30866.97,21583.89,4.82,3.59,0.52,17111.87,38561.35,2715.65,1.64,2.09,1.56,15753.09,12.23,66.23,0.06,26680.83,19626.98,7.38,2.15,-1.2,16592.95,32328.71,1714.83,1.44,1.95,1.38,14895.03,-4.5,59.56,0.04,24652.95,15686.48,-4.41,3.45,0.84,11565.03,31334.36,1682.01,1.26,1.62,1.21,14166.89,-4.05,52.91,0.05,22645.45,13768.19,-7.5,3.74,0.37,9332.81,29321.4,1562.8,1.09,1.4,0.92,9882.19,6.07,38.05,0.17,17293.28,13611.82,2.27,2.12,-0.11,11082.76,20233.98,590.37,1.04,1.39,1.03,0.2,0.2,Train
62,-1,MIC (uM),Escherichia coli (ATCC 25922/KCTC 1682),25897.03,4.29,82.76,0.19,44443.26,33663.34,10.82,-0.86,-0.39,29755.13,55391.14,3095.09,2.48,2.09,1.46,23837.66,-4.09,76.32,0.07,38446.45,26344.88,-5.65,1.47,0,20271.62,49445.47,2250.84,2.2,1.89,1.33,21062.69,5.19,65.04,0.06,36955.48,28310.92,8.93,-0.16,0.67,24450.59,45682.39,2005.83,2.14,1.81,1.25,19432.43,12.38,58.83,0.19,34598.22,28128.68,17.42,-0.49,-0.02,26083.45,41930.59,2232.68,2,1.64,1.21,15908.43,1.19,53.43,0.02,26981.58,20432.52,3.22,-0.48,-0.63,16777.6,33808.23,1564.78,1.67,1.4,0.92,14825.72,-1.5,47.13,0.02,24283.96,17029.28,-2.59,0.46,0.76,13013.37,31035.68,1417.46,1.42,1.22,0.83,13953.99,4.59,42.01,0.07,25226.49,19635.66,7.84,-0.82,0.86,17869.97,30711.95,1044.3,1.43,1.17,0.91,0.2,0.2,Train
63,-1,MIC (uM),Klebsiella pneumoniae (ATCC 700603),20976.83,3.82,83.54,0.08,36029.72,28169.17,4.18,1.74,-0.11,23785.77,45380.64,2211.85,2.18,1.95,1.36,19654.75,-2.49,77.15,0.06,33350.64,26108.32,-2.63,1.96,-1.25,21622.49,42217.5,1784.61,2.08,1.8,1.25,18793.08,2.08,72.41,0.05,32814.1,26007.72,4.75,2.21,-1.58,22247.57,40595.41,1469.08,2.02,1.84,1.21,17716.25,9.11,70.47,0.05,30760.25,24585.08,8.29,-0.38,0.35,20489.47,38273.52,1775.37,1.98,1.73,1.3,16591.58,-1.99,66.17,0.03,28251.26,22149.16,-1.94,1.21,-1.1,17782.1,35862.13,1403.1,1.86,1.54,1.11,16323.67,-1.44,63.32,0.05,27737.28,21532.22,-3.69,0.49,1.29,17386.09,35273.91,1482.4,1.74,1.42,1.04,15885.33,3.76,61.97,0.05,27775.22,21758.6,1.75,-0.26,0.69,17847.89,35235.66,1613.64,1.74,1.42,1.12,0.2,0.2,Train
64,-1,MIC (uM),Salmonella enterica subsp. enterica serovar Enteritidis,22535.17,-6.5,75.16,0.25,33240.95,20433.07,-4.1,-1.13,0.79,13363.84,43788.96,3740.11,2.14,1.88,1.81,22426.34,-0.12,73.06,0.36,32752.7,20145.5,-1.12,2.39,0.35,13292.78,43573.22,4449.31,2.12,1.86,1.86,22041.2,4.1,72.82,0.4,32564.36,21008.41,3.91,1.8,-0.39,15288.62,42788.69,4277.28,2.11,1.88,1.85,21593.72,-2.57,71.47,0.3,31929.01,20073.09,-0.32,0.25,-0.81,13907.43,42087.39,3962.44,2.06,1.82,1.74,21164.65,1.88,71.27,0.34,30846.82,18812.1,-0.83,1.27,-0.51,12006.58,41152.17,4305.1,2.05,1.79,1.71,20714.06,-5.42,68.64,0.19,31106.96,19470.68,-2.47,0.28,0.13,13046.13,40969.39,3415.73,2.02,1.74,1.65,20241.63,5.54,66.71,0.43,29965.19,19093.75,4.86,0.13,-0.26,13528.97,39772.41,4514.96,2.01,1.73,1.77,0.2,0.2,Train
65,-1,MIC (uM),Pseudomonas aeruginosa (ATCC 27853),22266.27,5.45,80.47,0.03,39642.22,30175.8,5.98,3.48,0.57,24452,48351.9,2029.94,2.26,2.54,1.43,19866.25,-2.43,74.31,0.05,33625.84,23659.18,-10.09,4.26,1.01,15739.09,42626.72,1848.09,1.97,2.3,1.2,18510.46,8.35,68.65,0.03,34018.97,26440.23,8.23,-0.58,0.78,22287.31,40730.91,1584.96,1.89,2.23,1.1,17886.82,15.25,61.98,0.11,32720.52,25865.32,16.59,2.01,-0.16,23078.27,39277.25,2173.06,1.77,2.03,1,15311.26,-0.41,56.1,0.02,27477.18,20694.92,-1.28,1.61,0.98,16767.12,34119.12,1420.47,1.6,1.71,0.81,14445.19,-1.3,49.2,0.04,24700.79,17837.78,-7.63,3.74,-0.54,13287.86,31377.02,1223.3,1.38,1.42,0.72,11386.53,7.51,36.64,0.06,20769.31,16776.39,8.04,1.64,-0.1,14831.15,24408.26,763.33,1.25,1.45,0.82,0.2,0.2,Train
66,-1,MIC (uM),Pseudomonas putida,23077.38,0.1,69.95,0.36,37347.37,24768.15,2.38,0.88,0.2,18466.57,45982.68,3190.73,1.81,2.1,1.57,20093.38,-9.06,64.59,0.18,30335.64,17488.23,-13.58,-5.21,-0.1,9133.1,38766.34,2504.58,1.54,1.9,1.38,19931.54,4.42,59.33,0.36,32589.4,21709.09,6.02,0.61,0.02,16923.97,39829.6,3250.36,1.48,1.81,1.34,18309.08,8.37,50.77,0.32,30911,22118.95,11.06,2.42,-0.25,19223.32,36499.88,2756.59,1.29,1.7,1.24,16394.62,-7.74,45.23,0.14,25292.53,15529.13,-5.32,1.72,0.58,10885.67,30990.24,1834.08,1.14,1.36,1.09,13798.31,-5,39.77,0.1,21219.7,12311.04,-5.16,0.72,0.25,7522.75,26758.6,1783.52,1.04,1.16,0.81,11525.38,4.86,35.59,0.2,20055.44,14921.71,8.48,-0.84,-0.13,12442.35,23763.03,1450.63,1.01,1.17,0.81,0.2,0.2,Train
67,-1,MIC (uM),Shigella dysenteriae,23872.55,0.91,74.36,0.09,41301.01,31542.92,8.07,-1.42,-0.17,27250.58,50340.68,2366.54,2.31,1.98,1.07,22295.64,-2.64,68.79,0.05,38155.6,28988.01,7.11,-0.91,0.13,24963.19,45706.71,1847.43,2.16,1.88,0.86,19103.27,3.21,62.11,0.1,33015.23,25363.69,9.02,-0.8,0.85,22031.6,40119.36,2003.08,1.89,1.64,0.81,18410,9.48,58.31,0.17,31676.44,23501.21,4.67,1.54,1.16,19728.48,39860.02,2357.72,1.68,1.4,0.71,16031.82,-3.91,44.89,0.03,27411.46,20803.25,0.53,-0.45,0.04,18159.94,33356.52,1178.16,1.4,1.28,0.58,11622.45,-2.08,39.93,0.04,20295.31,14868.34,-3.14,0.03,0.6,12109.33,25591.39,1133.7,1.27,1.07,0.6,8734.55,2.48,31.14,0.18,13969.16,10154.55,0.13,-1.65,-0.42,7788.72,17290.99,943.89,1.25,1.13,0.64,0.2,0.2,Train
68,1,HC50 (uM),Human erythrocytes,37705.98,1.1,100.96,1.2,56209.06,34212.47,-0.77,2.57,-0.1,27456.69,67727.73,5487.77,1.78,2.26,1.77,32880.45,7.25,93,0.9,49870.18,30246.82,-2,-7.66,0.63,23041.72,61165.98,5839.8,1.68,2.26,1.61,29645.19,0.91,85.73,0.79,43760.78,25107.77,-7.49,-2.33,2.07,18075.76,54927.82,4681.98,1.51,1.94,1.47,28156.05,2.57,76.9,0.78,41455.83,24831.43,7.14,4.02,0.03,19519.94,49642.48,3847.98,1.31,1.69,1.39,23490.51,-1.62,68.72,0.6,34746.82,19933.3,1.04,3.46,1.75,14925.91,43134.51,3985.27,1.13,1.47,1.28,18331.42,1.22,54.08,0.29,27963.53,18037.14,-1.25,-5.04,-2.57,14266.17,33430.62,2146.9,0.94,1.31,1.08,14891.55,-2.41,42.89,0.35,23204.53,16172.07,-0.28,-5,0.31,13732.51,27511.47,1472.22,0.98,1.23,1.04,0.2,0.2,Train
69,1,HC50 (uM),Human erythrocytes,23641.48,-1.82,76.41,0.24,38264.85,24928.29,-3.1,0,2.13,17572.53,49619.89,3864.73,2.16,2.07,1.45,23611.63,-17.4,71.72,0.1,38737.93,24430.28,-12.61,-0.79,0.92,15813.99,49794.42,2801.44,2.17,1.96,1.34,22097.78,6.55,67.37,0.26,36590.04,24858.21,6.41,0.08,0.01,18490.54,46605.17,3759.48,2.03,2.03,1.39,21836.37,13.94,64.34,0.52,35821.38,24494.85,9.45,1.53,-1.17,19120.9,45767.49,4631.54,1.92,1.98,1.29,21186.81,-9.25,63.18,0.12,34804.44,23004.31,-7.6,0.11,-0.26,16392.5,44954.44,2734.69,1.85,1.71,1.27,19937.41,-9.51,57.65,0.07,32489.53,21495.31,-5.71,-0.25,-0.04,15212.88,41213.52,2274.4,1.73,1.73,1.13,18430.52,9.5,52.16,0.4,29460.07,19970.34,6.32,0.89,0.25,15061.65,37031.5,3318.32,1.62,1.72,1.12,0.2,0.2,Train
70,-1,MIC (uM),Escherichia coli,18477.2,1.43,77.53,0.13,29966.59,20863.64,-0.13,1.99,1.17,15334.33,37988.51,2586.79,1.71,2.23,1.69,16982.8,-4.97,75.67,0.07,26650.8,17859.04,-6.68,2.62,0.58,11376.57,34875.61,2395.61,1.65,2.02,1.36,16831.7,2.23,68.6,0.07,27685.17,20101.14,1.26,3.7,0.08,16021.12,34714,1906.59,1.54,2.01,1.52,15843.4,7.94,64.57,0.09,26330.77,19381.14,6.27,2.88,-0.05,15640.92,32942.68,2098.85,1.52,1.91,1.65,14500.3,-1.6,61.39,0.07,23233.2,16326.97,-0.46,-0.37,0.46,11961.53,29270.74,1769.19,1.28,1.76,1.31,14786.8,-5.75,57.33,0.07,23541.04,16316.1,-5.42,4.12,-0.53,11997.42,30265.44,1742.84,1.23,1.63,1.04,13173.5,2.7,54.7,0.08,21301.58,14825.23,-2.44,2.64,-0.28,10724.72,27075.7,1472.77,1.14,1.58,1.18,0.2,0.2,Train
71,-1,MIC (uM),Pseudomonas aeruginosa (ATCC 15692),32284.99,0.44,91.2,0.21,52577.08,38684.1,9.69,-0.47,-1.72,35605.4,63316.9,2660.54,1.91,2.39,1.66,29546.77,-14.96,84.57,0.17,47020.48,32951.22,-5.71,-3.51,1.53,29341.49,58531.56,2612.31,1.77,1.97,1.49,28676.17,4.09,73.14,0.2,46618.68,34542.28,7.45,2.42,-2.03,31558.49,55677.05,1981.36,1.65,2.02,1.54,25143.98,11.27,70.09,0.23,41997.12,32254.87,18.22,2,0.87,30315.23,50693.88,2996.66,1.62,1.89,1.32,20836.46,-5.98,60.61,0.2,34217.29,25651.7,4.92,-2.61,1.1,23658.68,41829.21,2459.94,1.35,1.51,1.02,19087.09,-6.06,54.76,0.1,31162.02,22086.53,-4.28,0.94,-0.23,19511.12,38847.19,1476.78,1.2,1.36,0.9,17019.53,6.62,42.31,0.38,27547.44,20305.58,6.68,2.52,0.16,19239.31,32580.72,1429.33,1.09,1.41,1.13,0.2,0.2,Train
72,-1,MIC (uM),Pseudomonas aeruginosa (ATCC 27853),33090.8,-1.01,84.96,0.54,51686.81,32225.28,3.31,-2.24,-0.11,24719.98,64400.28,4740.62,2.14,2.62,1.37,30590.65,-15.97,79.36,0.25,46109.01,24399.5,-18.76,-3.27,1.39,13526.24,60394.59,3745.11,2.02,2.25,1.24,28651.96,4.47,70.63,0.53,44269.87,29318.64,8.09,1.81,-0.94,24891.77,54080.46,3762.53,1.73,2.2,1.23,26613.84,13.23,66.54,0.92,42360.16,29640.18,21.57,4.21,2.12,27493.65,53022.31,7092.2,1.71,2.01,1.08,21639.83,-7.23,59.14,0.26,33762.63,20415.69,-1.77,-4.95,0.89,14540.6,42988.98,3240.82,1.44,1.71,0.89,19669.28,-8.2,52.87,0.1,30276.24,16502.43,-10.34,-2.88,-0.1,10570.14,39704.41,2361.27,1.31,1.53,0.75,16653.98,6.37,38.43,0.48,26840.98,18820.2,7.62,2.12,-0.73,16695.76,32183.48,1885.77,1.16,1.47,0.77,0.2,0.2,Train
73,-1,MIC (uM),Escherichia coli (ATCC 25922/KCTC 1682),21080.24,2.05,79.3,0.17,33532.16,22963.68,0.29,1.8,0.46,15893.66,43493.91,3283.42,2.09,1.95,1.63,19011.28,-0.39,73.42,0.14,30395.4,20695.11,-3.96,1.81,-0.1,13817.29,39595.11,2799.73,1.97,1.88,1.6,18757.36,2.52,69.77,0.15,30583.23,22166.77,4.68,0.82,-0.08,17302.11,38604.83,2643.55,1.9,1.84,1.56,17832.4,3.4,68.26,0.13,28620.69,19925.58,0.78,0.53,0.74,14003.38,36944.75,2710.37,1.8,1.73,1.39,17375.68,2.79,64.28,0.17,28569.24,20173.51,1.88,4.75,-0.14,15151.47,36644.38,2546.55,1.76,1.64,1.48,16785.6,-3.46,61.61,0.11,28168.03,20082.51,-4.02,2.61,0.75,15476.89,36232.67,2112.49,1.68,1.56,1.42,15021.28,-1.55,57.19,0.06,24248.32,16730.86,-4.52,0.38,-0.05,11230.63,31163.67,1842.07,1.55,1.49,1.12,0.2,0.2,Train
74,-1,MIC (uM),Klebsiella pneumoniae,22264.55,-0.63,74.34,0.11,36293.95,26728.83,3.12,-0.35,0.17,21905.36,44598.72,2370.77,2.01,1.95,1.35,17139.82,-3.58,68.85,0.03,28266.8,20664.85,-4.46,-2.82,0.21,15294.47,35770.7,1811.95,1.9,1.8,1.08,17155.27,0.22,62.09,0.07,29076.89,21533.82,3.21,-3.8,0.48,17243.98,35940.22,2021.6,1.74,1.61,0.92,17358.91,6.74,58.37,0.1,28645.29,21220.06,8.77,0.34,1.62,17607.36,35586,2200.64,1.52,1.39,0.89,15408.73,-0.19,44.82,0.12,25015.73,18298.24,-3.18,4.89,-0.88,15123.12,30990.08,1361.24,1.26,1.23,0.69,11271.18,-5.51,39.92,0.05,19149.09,13530.53,-2.77,0.71,0.16,10833.73,23898.59,1133.74,1.11,1.06,0.74,7636.36,0.87,31.12,0.08,12239.73,9111.28,2.61,-0.45,-0.45,7500.67,14963.02,873.42,1.11,1.11,0.88,0.2,0.2,Train
75,1,HC50 (uM),Human erythrocytes,42791.3,-16.76,133.16,1.54,64651.47,30837.75,-9.39,0.95,6.64,22066.79,85819.02,10596.76,1.88,2.65,1.04,34814.38,6.75,120.84,1.76,53128.36,26777.28,8.61,2.39,7.31,20615.95,72165.49,13101.54,1.61,2.39,0.89,29776.98,-1.02,96.7,1.41,45007.18,21714.05,-2.58,1.39,4.4,16000.21,60723.98,8878.28,1.35,1.95,0.74,24313.66,-4.71,77.82,0.95,36754.98,18157.02,0.69,-0.21,3.67,13473.62,49298.85,7380.7,1.09,1.52,0.6,19837.59,10.44,62.41,1.58,28694.63,14414.3,4.44,3.9,1.76,11537.79,38706.54,7280.16,1.1,1.48,0.69,14777.41,-2.42,39.37,1.09,20593.71,8938.88,-8.32,3.77,-2.53,5583.62,27343.76,2334.84,1.11,1.38,0.72,6614.28,-4.33,23.79,0.96,9471.83,4472.47,-4.72,2.04,-2.07,2930.26,12964.44,813.97,1.11,1.36,0.77,0.2,0.2,Train
76,1,MIC (uM),Vibrio alginolyticus,25445.9,-2.93,85.03,0.3,42198.42,27842.37,1,-0.14,1.9,20967.16,54299.39,4253.91,2.16,1.98,1.45,24495.1,-10.71,79.87,0.19,39539.91,24759.26,-8.65,-2.29,0.46,16988.38,51352.46,3606.67,2,1.84,1.35,23689.7,6.03,74.97,0.42,38053.52,24004.63,2.18,0.27,0.48,17198.99,49434.94,4709.74,1.87,1.82,1.33,21492.4,3.32,70.44,0.29,35816.19,23995.95,6.64,-0.53,-0.33,18357.56,45742.36,4212.73,1.78,1.75,1.2,21531.4,-6.01,67.36,0.18,35798.65,23424.81,-2.48,-1.62,0.67,17403.9,45532.23,3081.17,1.62,1.6,1.13,20026.5,-4.84,61.62,0.31,32674.33,20843.56,-7.96,1.08,0.95,15058.03,42234.1,3174.63,1.52,1.47,1.06,18353.4,6.15,57.08,0.39,29650.06,19635.34,3.02,1.69,1.01,14788.05,38166.65,3830.84,1.4,1.41,1.05,0.2,0.2,Train
77,-1,MIC (uM),Escherichia coli,19656.92,-1,78.59,0.09,33604.02,25071.6,1.65,1.47,0.72,20825.08,42596.17,2273.77,1.98,1.86,1.56,17722.31,-6.9,73.14,0.03,30007.89,21577.05,-5.44,-0.02,-0.02,16179.86,38706.11,2033.59,1.92,1.82,1.12,15505.85,1.08,67.73,0.08,25203.85,17623.1,-2.93,-0.54,-0.77,12444.73,32909.77,2149.17,1.62,1.65,1.2,13680,8.89,64.56,0.12,21852.13,14710.6,2.21,0.45,1.54,9606.34,29513.33,2667.63,1.52,1.43,1.32,11945.54,-2.32,49.87,0.07,19687.02,13973.76,-3.2,3.11,0.54,10470.56,25382.77,1481.48,1.26,1.28,1.03,10690,-4.34,44.93,0.01,18410.91,13582.35,-1.05,1,0.43,11255.76,23476.13,1201.26,1.15,1.08,0.87,9678.38,3.64,40.15,0.03,16428.72,12496.09,4.27,1.86,-1.07,10731.15,20551.62,1034.31,1.02,1.04,0.98,0.2,0.2,Train
78,1,MIC (uM),Klebsiella oxytoca (ATCC 13182/BCRC 13985),25044.6,-3.27,85.25,0.23,41281.64,26657.79,1.15,-0.56,2.4,20496.19,53431.03,4150.36,2.23,1.96,1.38,24562.7,-14.72,78.65,0.18,39234.7,24720.35,-10.26,-0.93,0.39,18025.34,50745.32,3131.66,2.14,1.76,1.32,22298.6,7.13,74.85,0.44,36108.39,23475.98,6.37,1.73,-0.86,18518.68,47037.26,4818.41,2.05,1.77,1.27,21749.9,9.84,71.67,0.34,35972.12,24410.89,12.63,2.01,-0.65,20307.19,46056.75,4681.25,1.92,1.72,1.19,20183,-10.6,69.09,0.12,33628.21,21708.34,-5.08,-2.35,0.4,16456.89,43389.41,2736.08,1.79,1.48,1.06,18596.2,-4.73,64.72,0.14,30473.84,19341.87,-6.19,-0.94,1.09,14051,39890.99,2844.22,1.66,1.38,1.01,17027,10.84,58.26,0.46,27864.23,18902.77,5.88,1,1.91,15015.48,36128.48,4073.65,1.54,1.39,0.99,0.2,0.2,Train
79,1,MIC (uM),Enterobacter cloacae (ATCC 13047/BCRC 10401),26874.2,-1.59,89.91,0.16,45512.65,32204.4,-1.07,1.53,2.82,25962.05,58833.37,3787.39,2.39,1.98,1.28,26423.3,-9.04,83.09,0.13,45174.79,31899.99,-4.49,-1.58,0.22,26086.97,57538.12,3060.05,2.24,1.86,1.26,25100.2,2.37,81.42,0.25,42873.19,30685.85,4.19,0.06,1.21,25460.85,54656.76,3770.69,2.09,1.78,1.16,23770.9,1.16,75.8,0.2,40447.66,29260.21,6.66,-0.95,1.94,24629.21,51072.99,3515.65,1.92,1.73,1.08,22224,-6.53,71.32,0.18,37232.11,25967.16,-2.75,-1.09,1.02,20803.16,47361.57,2816.51,1.81,1.59,1.06,20386.4,1,67.38,0.17,34355.03,23900.22,1.26,-0.02,1.4,19184.85,43917.86,2853.42,1.66,1.48,1,18790,9.54,60.77,0.25,31448.46,22623.36,7.14,0.06,2.23,18824.52,39861.17,3031.38,1.56,1.44,0.95,0.2,0.2,Train
80,1,HC50 (uM),Human erythrocytes,26847.18,0.33,111.76,0.32,45315.08,28117.98,1.36,5.34,4.74,19498.25,61411.62,6343.52,2.55,1.92,1.92,25970.88,-6.1,103.14,0.33,43450.24,26542.51,-6.94,0.3,2.39,17780.61,58407.2,5456,2.46,1.82,1.68,24275.94,10.4,97.3,0.38,40667.8,25377.83,3.27,1.82,3.02,17939.77,54711.77,5848.1,2.28,1.75,1.59,21886.49,-0.09,93.02,0.25,36654.43,22488.69,-1.57,-3.26,4.47,14843.89,49896.11,5148.59,2.11,1.62,1.4,20068.36,-4.13,83.33,0.3,32921.19,19685.78,-6.17,-2.85,4.07,12237.12,44790.27,4354.93,1.93,1.46,1.32,17591.95,5.03,72.24,0.27,29056.57,17977.25,2.77,0.09,2.03,12281.85,39327.79,4441.58,1.71,1.33,1.28,15545.96,1.65,69.71,0.2,25597.94,15912.89,5.25,-1.64,2,10736.72,34480.76,3956.51,1.53,1.24,1.18,0.2,0.2,Test
81,1,MIC (uM),Bordetella bronchiseptica (CUN11844-99),44005.48,0.94,119.65,1.39,63220.51,36211.7,-0.39,6.18,-0.35,26899.03,82184.14,8450.06,2.09,2.23,1.74,41642.72,10.56,124.63,1.5,60164.97,34780.67,4.69,1.8,3.74,26240.54,78801.58,10914.12,1.98,2.17,1.66,38106.89,3.05,112.46,0.86,55154.97,31704.28,-2.33,-0.93,3.06,22621.55,72739.09,7904.85,1.85,2.04,1.57,35496.5,7.05,108.68,1.18,50824.54,28023.47,-7.14,-1.43,2.3,18595.56,68305.39,8786.79,1.74,1.92,1.47,33114.23,-2.04,99.83,0.84,47469.03,26197.14,-3.59,0.31,-1.41,17546.67,62918.48,6759.82,1.63,1.78,1.45,31964.01,8.46,97.5,1.36,45065.31,23740.71,-0.43,4.65,2.53,16012.59,60313.69,8219.77,1.46,1.66,1.4,30649.39,-1.4,85.41,1.01,43076.42,23396.52,0.07,7.23,-1.42,16309.12,56048.1,6138.22,1.35,1.6,1.36,0.2,0.2,Test
82,1,MIC (uM),Pseudomonas aeruginosa (ATCC 27853),25071.44,2.6,88.2,0.6,32806.21,21504,-0.71,-1.06,-9.06,12308.63,46393.78,4971.87,1.87,1.77,1.31,23702.56,-11.74,83.66,0.15,32859.08,19218.5,-6.11,-2.18,6.7,10355.41,45726.86,3194.54,1.76,1.71,1.27,21960.67,-6.91,79.88,0.17,29919.07,18522.89,-2.32,-4.33,-7.09,10637.72,41745.37,3059.59,1.63,1.57,1.22,21114.22,6.55,78.33,0.85,28166.42,17138.65,5.65,2.59,1.97,10734.76,40214.42,6211.36,1.51,1.48,1.16,20159.33,7.99,78.62,1.03,26432.21,15091.93,2.04,4.52,1.87,8691.37,38719.92,7498.09,1.37,1.38,1.05,17477.89,-6.78,62.48,0.17,23342.67,13637.97,-1.84,-0.57,-6.77,7510.11,32774.27,2271.5,1.24,1.29,1.02,16320.22,-9.49,61.34,0.11,22841.16,12273.39,-4.6,-1.55,3.77,6583.52,31819.39,2509.47,1.12,1.25,0.97,0.2,0.2,Test
83,1,MIC (uM),Klebsiella pneumoniae,32380.58,1.33,112.86,1.03,46997.75,25259.54,0.14,0.81,1.27,16958.53,63753.95,8877.14,2.21,2.31,1.8,30651.26,-10.33,109.15,0.72,44993.86,22888.73,-10.46,-1.02,2.2,14045.94,61185.83,7020.06,2.16,2.19,1.8,29189.69,4.35,104.49,0.89,42322.83,22379.92,2.42,-0.4,-0.6,14613.03,57540.71,8352.54,2.1,2.15,1.82,29502.8,10.33,103.88,1.07,42799.91,23433.73,6.48,5.09,2.01,16162.42,57964.41,9228.39,2.01,2.13,1.7,27872.53,-1.48,98.38,0.74,40416.85,21704.29,-0.65,0.08,1.27,14409.79,54278.12,6999.05,1.94,2.06,1.73,26299.73,-3.39,96.92,0.65,38440.14,19997.31,-3.98,-1.22,2.55,12631.04,52779.89,6808.9,1.89,1.97,1.67,25055.2,7.09,95.58,0.8,36402.16,19305.46,2.5,-1.91,2.44,12647.98,50565.38,8102.98,1.8,1.98,1.57,0.2,0.2,Test
84,-1,CC50 (uM),Human umbilical vein endothelial cells,24025.05,-1.39,99.15,0.06,43415.25,32421.53,-5.99,-2.18,4.42,24604.49,57139.4,3179.41,2.77,2.05,1.22,23291.51,-9.8,91.03,0.02,42803.59,34183.47,-1.68,4.73,3.03,26693.67,56884.42,2503.24,2.67,1.74,1.43,20620.51,3.16,83.17,0.08,37379.12,28620.66,-1.66,1.54,3.32,21891.55,50123.01,2866.51,2.44,1.64,0.97,18387.86,9.81,73.43,0.05,34255.64,27489.59,10.84,1.16,2.46,22913.41,44151.23,2444.21,2.16,1.52,1.04,16630.65,-5.32,64.4,0.03,30241.18,23566.69,-4.18,1.18,1.08,18218.08,39441.24,1670.5,1.86,1.31,0.84,14255.36,-0.45,58.34,0.04,25366.27,19727.87,1.76,-0.88,0.64,15489.69,33511.75,1735.51,1.56,1.17,0.84,11664.48,4.06,45.11,0.08,20820.09,17092.36,5.11,0.42,-0.19,13833.34,26866.6,1159.74,1.41,1.13,0.78,0.2,0.2,Test
85,1,HC50 (uM),Human erythrocytes,20173.04,-4.28,87.65,0.03,32393.25,20326.11,-5.57,0.12,0.79,13150.67,42231.76,2919.53,2.16,2.09,1.88,18497.55,-3.71,83.32,0.03,29771.31,19263.64,-5.04,3.43,0.56,12646.61,39262.26,2883.61,2.08,1.85,1.96,17839.52,0.92,81.4,0.14,28880.33,18806.45,-3,6.37,1.48,13076.39,38370.55,3497.53,2.03,1.76,1.68,17188.69,7.59,73.92,0.34,28581.53,20091.4,5.95,5.5,-0.2,15826.75,36892.59,3819.59,1.88,1.66,1.63,15789.8,-2.62,69.67,0.03,26000.23,16474.37,-2,-1.81,0.88,11215.11,33713.29,2290.85,1.71,1.53,1.34,15393.34,-4.19,64.68,0.03,25754.73,16445.18,-0.93,8.49,0.93,12118.42,33876.45,2201.16,1.58,1.39,1.52,12704.1,7.53,55.88,0.22,20638.6,14191.3,4.95,1.99,-0.57,10588.2,26894.96,2888.56,1.42,1.27,1.16,0.2,0.2,Test
86,-1,CC50 (uM),Murine fibroblast cells (L929),23749.36,1.28,90.72,0.15,40787.09,28891.47,2.15,-0.1,0.45,22623.35,52106.6,3443.81,2.67,2.18,1.53,21975.46,-11.5,88.72,0.05,37349.43,25235.16,-10.03,0.57,1.89,18155.29,48482.51,2810.7,2.49,2.02,1.43,20083.71,-0.52,80.16,0.11,33995.52,23874.07,0.39,-0.81,0.42,18128.49,43831.49,3041.89,2.38,1.91,1.5,19335.16,12.3,84.51,0.12,33917.97,24432.87,6.11,4.02,3.6,19409.54,44687.84,3560.01,2.25,1.76,1.35,16935.91,0.4,72.48,0.07,29019.63,21005.96,-0.58,0.29,0.5,16131.52,37329.84,2264.08,2.06,1.66,1.2,15381.74,-5.31,68.49,0.03,26331.09,18903.85,-2.54,-1,0.94,14164.59,34281.33,2064.72,1.96,1.47,1.14,13983.77,1.76,60.11,0.09,23596.02,16900.6,2.23,2.58,-0.08,12845.77,30734.91,2235.78,1.78,1.37,1.22,0.3,0.3,Test
87,-1,HC50 (uM),Human erythrocytes,21452.07,-0.47,77,0.39,35670.27,24526.5,0.81,-0.3,0.47,19279.08,46758.13,4442.95,2.22,1.58,1.95,19763.41,-3.37,75.7,0.25,32406.23,22135.34,-0.88,-0.09,-1.04,17168.29,42479.68,3605.06,2.04,1.49,1.75,18889.7,0.63,71.78,0.11,31654.41,22190.45,-0.35,4.86,-0.41,17363.07,41045.08,2453.01,2,1.43,1.94,18665.26,7.01,70.45,0.17,31784.45,22176.9,5.53,1.45,2.09,17597.84,41546.22,3401.34,1.99,1.38,1.85,17996.89,-4.12,65.06,0.18,31054.81,21375.4,-3.14,0.33,1.13,16160.88,40593.3,3081.81,2.01,1.33,1.57,16937.56,-2.66,64.01,0.16,28613.9,19682.17,-2.2,2.18,-0.3,15077.89,37568.84,2796.68,1.92,1.25,1.56,15619.56,2.75,61.64,0.17,25428,17184.99,-1.74,1.25,-1.29,12665.21,33569.75,2686.07,1.69,1.21,1.5,0.3,0.3,Test
88,-1,MIC (uM),Pseudomonas aeruginosa,25385.78,4.52,94.32,0.09,46186.59,33791.76,2.52,-0.59,4.03,27089.42,58537.34,3329.1,2.38,2.36,1.19,22163.2,-12.06,83.78,0.04,40178.26,28333.38,-11.92,-0.46,3.14,20949.09,51618.1,2392.05,2.14,1.92,1.11,19377.58,3.19,70.31,0.08,36076.56,27304.32,8.17,0.93,1.46,23667.13,44819.79,2463.29,1.85,1.81,1.23,16438.45,6.9,57.5,0.07,30770.68,23905.85,7.67,2.09,0.64,20839.78,37626.06,1886.62,1.61,1.67,0.82,13833.72,-3.06,49.18,0.03,24992.37,18311.43,-4.95,2.66,0.37,14470.1,31537.58,1280.22,1.28,1.28,0.68,10695.82,1.75,42.38,0.03,18223.16,12974.06,-2.01,-0.63,-0.6,9821.21,23313.23,1213.2,1.22,1.23,0.85,7887.44,6.69,31.77,0.14,14671.46,11957.57,7.97,-2.55,-0.65,11090.98,17226.61,692.35,1.25,1.32,0.88,0.3,0.3,Test
89,1,MIC (uM),Escherichia coli (ATCC 25922/KCTC 1682),22595.31,-3.53,75.22,0.39,34184.43,21942.37,-2.1,-0.09,-1.57,13840.29,46942.38,4400.19,2.39,1.82,1.41,21848.07,-5.31,74.06,0.2,33535.94,21451.56,-4.9,-0.7,0.47,13090.22,46077.77,4009.09,2.24,1.7,1.35,20614.97,1.21,68.84,0.35,31412.02,19706.61,1.51,-0.52,-1.03,12806.74,42868.05,4297.54,2.19,1.66,1.42,20116.62,3.85,69.34,0.49,31282.31,21411.87,4.5,0.9,0.95,14784.91,42831.32,4495.41,2.16,1.61,1.36,19482.83,-3.19,65.66,0.24,29647.7,18320.14,-3.85,1.03,-1,11172.7,41186.76,3779.24,2.04,1.48,1.19,18443.93,-4.42,62.01,0.2,28456.28,18405.65,-4.06,-1.36,2.06,11734.26,38899.25,3123.46,1.95,1.45,1.18,17416.28,0.91,57.33,0.38,26734.9,17349.46,1.9,-0.7,-1.42,11960.33,36295.91,3691.31,1.9,1.43,1.2,0.3,0.3,Test
90,1,MIC (uM),Escherichia coli,28371.91,-2.15,105.23,0.15,49180.27,37370.12,0.1,-1.12,1.86,30307.9,63891.65,3385.31,2.45,2.24,1.5,26877.24,-17.96,99.83,0.12,46383.15,34169.96,-10.28,-2.12,0.83,27370.6,60303.34,2974.93,2.27,2.06,1.38,25278.42,6.19,97.69,0.14,43690.39,32598.83,7.27,0.82,2.82,27101.6,56162.37,3621.72,2.2,2.07,1.66,22769.69,10.66,87.34,0.1,39472,30073.8,5.95,-0.04,-0.06,25195.5,50037.55,2503.54,1.97,2.1,1.49,21399.87,-8.95,82.02,0.08,37060.57,27525.59,-4.98,-0.44,0.56,22457.22,47466.73,2356.74,1.87,1.79,1.2,20109.49,-5.32,78.32,0.07,34363.44,26142.36,0.38,-1.49,0.09,22063.32,44091.44,2339.3,1.81,1.6,1.24,18840.25,10.75,70.14,0.11,32032.09,24695.25,4.87,1.57,-1.9,20649.52,40459.32,2003.19,1.61,1.68,1.38,0.3,0.3,Test
91,1,MIC (uM),Escherichia coli (ATCC 25922/KCTC 1682),22828.9,-2.54,91.22,0.3,35828.76,23097.61,-1.8,-0.76,-0.09,16390.14,46724.97,4000.98,2.36,2.37,1.61,21609.98,-13.31,89.54,0.09,33681.62,20800.12,-11.71,1.7,0.67,13427.43,44394.82,3096,2.27,2.2,1.46,19833.43,0.82,82.13,0.17,31002.76,20112.87,1.79,1.23,-0.2,14279.79,40538.3,3565.09,2.19,2.16,1.62,18773.68,12.8,85.34,0.19,30495.43,20727.22,8.56,2.39,2.8,15807.14,40258.71,4093.38,2.04,2.07,1.55,17472.17,-0.74,77.67,0.1,27701.26,18377.45,-4,0.78,0.17,12520.16,36686.37,2940.74,2,1.87,1.27,16626.13,-10.39,73.59,0.06,26524.51,17143.06,-7.69,-2.01,0.55,11472.71,34898.59,2441.48,1.84,1.75,1.21,15981.18,1.78,66.79,0.18,25189.26,17021.26,3.72,3.1,-0.51,12807.25,32755.88,2817.17,1.74,1.69,1.36,0.3,0.3,Test
92,-1,MIC (uM),Pasteurella multocida,23495.54,-1.69,82.38,0.11,38640.19,25720.68,-2.81,2.61,2.19,19364.2,48554.35,3119.32,2.16,2.67,1.45,21729.12,-11.82,76.26,0.08,34707.25,21850.93,-12.66,4.82,0.25,14890.15,44246.41,2584.79,2.06,2.38,1.3,20598.75,9.34,70.11,0.32,33182.57,22925.47,9.16,1.8,-0.76,18759.92,41544.52,3506.4,1.91,2.23,1.62,18396.89,8.54,68.58,0.15,30739.03,21816.34,7.91,-1.22,0.47,17553.7,37959.41,2803.33,1.82,2.2,1.37,17075.84,-7.71,65.73,0.1,27954.47,18376.19,-9.18,2.91,1.19,12694.18,35592.58,2212.75,1.61,1.92,1.09,15292.19,-4.36,61.26,0.09,24611.58,15999.35,-5.21,0.97,0.55,11045.05,31455.01,2088.19,1.48,1.78,1.14,13749.52,8.75,53.99,0.11,22488.2,15635.45,7.55,1.02,-0.29,12453.4,27993.13,2339.31,1.35,1.72,1.22,0.3,0.3,Test
93,1,MIC (uM),Pseudomonas aeruginosa (ATCC 27853),25056.89,-0.34,103.97,0.37,39326.29,22517.73,-3.6,0.98,2.74,14645.29,53685.07,6066.85,1.87,1.82,1.82,24498.89,-8.49,96.77,0.36,38319.53,20894.66,-9.66,-1.2,0.81,13046.94,51584.43,4499.47,1.83,1.71,1.62,22588.44,2.64,94.31,0.41,35203.38,20815.5,6.18,-1.29,2.52,14950.85,47037.04,5884.63,1.7,1.62,1.57,20396.89,5.13,87.79,0.79,31047.9,17655.26,2.66,0.82,3.91,11874.82,42716.01,7361.66,1.51,1.55,1.42,19118.33,-2.23,78.93,0.33,30410.54,17405.09,-3.85,4.18,1.85,11799.26,41269.97,4391.18,1.46,1.4,1.35,18101.56,-6.16,74.67,0.27,28759.81,16031.18,-4.38,1.2,1.96,10515.03,38823.36,3620.23,1.28,1.31,1.32,15554.89,4.39,69.38,0.25,24566.1,14443.74,3.01,-4.07,2.33,9733.69,33474.17,4282.97,1.21,1.24,1.11,0.3,0.3,Test
94,1,MIC (uM),Escherichia coli (ATCC 25922/KCTC 1682),27571.32,-0.52,110.37,0.3,45345.34,28449.62,-0.42,0.76,2.27,21630.37,58761.06,5124.35,1.92,2.46,2.01,27272.14,-4.7,104.93,0.29,44218.06,27412.71,-3.37,-0.86,0.51,20957.31,56641.75,4068.65,1.86,2.35,1.86,25828.52,5.92,102.99,0.33,42139.92,27742.61,7.69,0.98,0.46,22273.46,53455.53,4868.18,1.78,2.3,1.82,24443.68,3.43,99.88,0.6,39505.66,25350.99,2.97,1.9,3.23,19777.01,51250.37,6117.9,1.67,2.19,1.85,24158.09,-3.74,93.22,0.28,40028.29,25590.07,-2.54,1.79,2.42,19935.77,51322.02,3990.25,1.66,2.04,1.88,23222.82,-8.48,89.87,0.23,38345.73,24138.57,-3.27,1.53,2.09,18373.9,48999.2,3444.26,1.56,1.96,1.62,21706.67,4.74,88.86,0.25,35223.61,22581.83,2.9,-1.68,0.17,16981.41,45288.72,3998.74,1.5,1.91,1.53,0.3,0.3,Test
95,1,MIC (uM),Pseudomonas aeruginosa,21328.86,0.5,78.12,0.36,33427.26,21516.49,2.07,1.28,-0.56,14783.44,44860.94,4664.41,2.45,1.78,1.55,19904.22,-5.85,77.85,0.17,31446.26,20314.13,-3.14,-2.34,0.67,13540.39,42218.75,3740.65,2.36,1.7,1.53,19617.57,-1.1,75.3,0.19,31166.54,20054.62,1.75,0.97,0.96,13689.73,41857.22,3792.19,2.33,1.65,1.51,19394.7,6.91,77.28,0.3,30329.37,19013.33,0.92,4.13,2.03,12213.43,41752.85,4590.68,2.23,1.63,1.38,18750.65,-0.92,72.01,0.18,29561.36,19160.92,-0.45,1.03,-0.69,12877.59,39907.68,3695.92,2.15,1.56,1.38,17616.92,-5.96,69.37,0.08,28414.23,18771.77,-0.99,-1.9,2.16,13088.14,37808.42,2981.49,2.12,1.49,1.39,17014.05,1.67,66.3,0.31,26526.39,16908.96,0.47,0.59,0.21,11306.92,35724.21,3798.55,2.02,1.46,1.34,0.3,0.3,Test
96,1,MIC (uM),Escherichia coli,21393.83,-4.59,82.69,0.24,33665.4,20664.9,-4.11,1.93,0.29,12921.03,44948.61,4044.75,1.97,1.99,1.67,20291.83,-4.01,82.11,0.11,32363.44,20640.9,-3.84,-1.4,1.51,12972.59,43159.01,3582.42,1.91,1.95,1.72,20242.96,-1.15,79.03,0.28,31800.4,20279.44,0.4,1.59,-1.23,12878.82,42602.44,4040.72,1.91,1.88,1.67,20054.52,5.47,77.67,0.48,31865.84,20671.18,2.47,4.58,1.56,14300.18,42846.98,4666.66,1.87,1.89,1.67,19214.78,0.59,73.87,0.19,30762.94,19770.43,1.72,2.82,-0.37,13176.77,40852.3,3655.56,1.84,1.84,1.69,18549.09,-10.32,71.97,0.07,29874.46,18892.42,-6.45,0.18,1.84,12103.76,39418.79,2850.24,1.72,1.75,1.57,18333.13,1.22,70.93,0.32,28765.4,17926.88,0.02,4.13,0.45,11660.37,38477.93,3967.51,1.68,1.76,1.57,0.3,0.3,Test
97,1,MIC (uM),Escherichia coli (ATCC 25922/KCTC 1682),22452.96,-4.45,85.24,0.27,34963.22,21181.17,-3.06,1.12,0.95,13371.76,46603.89,4196.98,1.97,2.12,1.59,21525.17,-1.55,84.24,0.22,33847.97,21192.43,-2.51,-0.58,1.4,13578.66,45395.66,4380.1,1.93,2.04,1.66,21615.17,0.42,81.44,0.35,34109.41,21748.11,3.73,1.01,0.12,14591.42,45440.11,4477.34,1.9,2.03,1.65,21160.09,6.19,79.78,0.47,32923.42,20650.17,2.37,4,1.94,13651.2,44542.83,4771.52,1.86,1.98,1.57,20069.13,-0.71,75.33,0.3,30760.39,18684.24,-2.66,1.19,-0.16,11470.25,41364.74,4249.04,1.81,1.89,1.53,19571.43,-10.35,73.62,0.18,30965.06,19517.47,-5.26,-1.56,2.05,12701.33,40866.25,3214.36,1.73,1.81,1.52,19298.09,1.63,72.63,0.38,30251.57,19061.72,1.23,2.4,1.15,12599.22,40367.01,4275.58,1.71,1.84,1.54,0.3,0.3,Test
98,-1,MIC (uM),Escherichia coli (ATCC 25922/KCTC 1682),19829.2,0.65,90.09,0.15,30763.3,20289.06,-2.81,6.4,0.12,12336.33,40512.39,3378.47,2.26,2.12,2.04,18879.68,-8.33,86.26,0.04,30561.71,20188.69,-7.11,8.99,1.11,12541.64,40311.97,2637.43,2.2,1.97,2.12,17623.7,0.6,82.93,0.1,28379.27,19344.67,-0.88,5.36,0.28,12721.02,37065.67,2934.72,2.01,1.92,1.93,17973.71,7.87,82.38,0.15,30026.33,20841.13,5.23,7.82,2.63,15205.29,39470.07,3515.47,2.01,1.86,1.91,16507.28,1.34,77.21,0.12,26514.76,17738.14,-1.24,2.47,0.16,11338.04,34755.87,2760.46,1.8,1.76,1.73,16516.24,-8.1,73.27,0.09,26550.18,17322.09,-8.16,8.05,0.4,10591.43,35326.65,2417.63,1.82,1.67,1.66,14899.75,3.67,67.93,0.1,23984.72,16519.71,4.67,4.7,0.03,11615.95,31043.48,2607.85,1.65,1.64,1.7,0.3,0.3,Test
99,1,HC50 (uM),Human erythrocytes,25790.01,-1.94,94.54,0.22,41330.55,28753.67,-0.13,-0.45,0.64,20896.43,54410.82,4024.09,2.26,2.38,1.73,24669.53,-11.48,89.63,0.17,38891.05,25839.52,-12.88,1.86,0.11,16767.59,51846.99,3185.3,2.2,2.19,1.63,23402.08,7.55,89.45,0.33,36643.05,24413.92,2.78,-0.16,0.12,16690.41,48474.8,4535.95,2.05,2.18,1.53,22309.26,3.95,83.12,0.19,35854.86,25121.26,5.48,-1.3,1.22,18505.28,46951.64,3830.74,1.96,2.08,1.56,21586.75,-5.82,77.65,0.13,35342.79,25120.95,-2.44,5.26,0.52,19062.31,46184.98,2939.84,1.92,1.93,1.66,19915.72,-2.5,75.57,0.11,32010.09,21932.37,-2.72,-1.29,1.17,15324.5,42579.26,2996.82,1.77,1.77,1.32,18734.8,-0.36,72.1,0.11,29104.53,19421.73,-2.08,1.3,0.78,12649.15,39358.34,3029.84,1.68,1.63,1.33,0.3,0.3,Test
100,-1,MIC (uM),Pseudomonas aeruginosa (ATCC 27853),20815.13,-2.17,82.65,0.11,32843.57,23601.45,-1.08,-0.19,-0.64,16174.81,43569.06,2932.93,1.98,2.02,1.62,19916,-10.06,77.76,0.1,31155.77,21096.48,-11.14,2.31,0.65,13340.06,41704.89,2452.22,1.92,1.88,1.59,18887.48,5.19,76.69,0.18,29315.82,19496.88,1.19,1.83,1,12562.19,39040.13,3427.69,1.8,1.86,1.51,17350.7,4.72,70.51,0.14,26710.31,19153.51,6.66,-1.49,-0.67,13685.3,34790.48,2869.13,1.66,1.76,1.47,16964,-3.73,67.06,0.1,26980.31,19357.23,-2.29,4.7,0.67,13954.98,35539.72,2388.6,1.63,1.65,1.57,15336.78,-3.46,63.84,0.06,24087.04,16731.54,-3.13,-2.55,0.05,11354.82,31760.49,2126.59,1.49,1.53,1.26,14939.39,1.55,62.05,0.1,22863.38,15807.11,0.16,5.51,0.49,10332.7,31060.28,2436.67,1.45,1.42,1.33,0.3,0.3,Test
